[
{
	"iterTerminate":	21.400000,
	"cost":	44989.687500,
	"reachLocalMinimal":	1.000000,
	"nConstraintOriginal":	0.000000,
	"nConstraintDeduced":	0.000000,
	"nMLStart":	0.000000,
	"nCLStart":	0.000000,
	"nMLViolation":	0.000000,
	"nCLViolation":	0.000000,
	"vMeasure":	0.740281,
	"duration":	2306.000000,
	"mlConst":	0.000000,
	"clConst":	0.000000
},
{
	"iterTerminate":	4.200000,
	"cost":	45915.054688,
	"reachLocalMinimal":	1.000000,
	"nConstraintOriginal":	10324.000000,
	"nConstraintDeduced":	777865.000000,
	"nMLStart":	153160.000000,
	"nCLStart":	1394104.000000,
	"nMLViolation":	0.000000,
	"nCLViolation":	8.800000,
	"vMeasure":	0.947367,
	"duration":	3303.600098,
	"mlConst":	0.000000,
	"clConst":	0.000000
},
{
	"iterTerminate":	5.000000,
	"cost":	45925.367188,
	"reachLocalMinimal":	1.000000,
	"nConstraintOriginal":	10627.000000,
	"nConstraintDeduced":	805647.000000,
	"nMLStart":	158638.000000,
	"nCLStart":	1444148.000000,
	"nMLViolation":	0.000000,
	"nCLViolation":	17.600000,
	"vMeasure":	0.947924,
	"duration":	3837.399902,
	"mlConst":	0.000000,
	"clConst":	0.000000
},
{
	"iterTerminate":	11.400000,
	"cost":	45426.070312,
	"reachLocalMinimal":	1.000000,
	"nConstraintOriginal":	1375.000000,
	"nConstraintDeduced":	7166.000000,
	"nMLStart":	3680.000000,
	"nCLStart":	10610.000000,
	"nMLViolation":	10.000000,
	"nCLViolation":	3.600000,
	"vMeasure":	0.806153,
	"duration":	1324.199951,
	"mlConst":	0.000000,
	"clConst":	0.000000
},
{
	"iterTerminate":	9.000000,
	"cost":	45700.929688,
	"reachLocalMinimal":	1.000000,
	"nConstraintOriginal":	1980.000000,
	"nConstraintDeduced":	17843.000000,
	"nMLStart":	6690.000000,
	"nCLStart":	28894.000000,
	"nMLViolation":	0.000000,
	"nCLViolation":	17.200001,
	"vMeasure":	0.803724,
	"duration":	1106.400024,
	"mlConst":	0.000000,
	"clConst":	0.000000
},
{
	"iterTerminate":	6.400000,
	"cost":	45133.832031,
	"reachLocalMinimal":	1.000000,
	"nConstraintOriginal":	220.000000,
	"nConstraintDeduced":	240.000000,
	"nMLStart":	120.000000,
	"nCLStart":	360.000000,
	"nMLViolation":	4.000000,
	"nCLViolation":	8.000000,
	"vMeasure":	0.771814,
	"duration":	769.400024,
	"mlConst":	0.000000,
	"clConst":	0.000000
},
{
	"iterTerminate":	7.400000,
	"cost":	46191.492188,
	"reachLocalMinimal":	1.000000,
	"nConstraintOriginal":	2397.000000,
	"nConstraintDeduced":	45490.000000,
	"nMLStart":	11946.000000,
	"nCLStart":	78792.000000,
	"nMLViolation":	0.000000,
	"nCLViolation":	54.400002,
	"vMeasure":	0.769763,
	"duration":	1084.199951,
	"mlConst":	0.000000,
	"clConst":	0.000000
},
{
	"iterTerminate":	7.200000,
	"cost":	45630.945312,
	"reachLocalMinimal":	1.000000,
	"nConstraintOriginal":	2695.000000,
	"nConstraintDeduced":	83850.000000,
	"nMLStart":	17844.000000,
	"nCLStart":	149474.000000,
	"nMLViolation":	0.000000,
	"nCLViolation":	27.200001,
	"vMeasure":	0.831052,
	"duration":	1207.000000,
	"mlConst":	0.000000,
	"clConst":	0.000000
},
{
	"iterTerminate":	10.000000,
	"cost":	46026.964844,
	"reachLocalMinimal":	1.000000,
	"nConstraintOriginal":	2932.000000,
	"nConstraintDeduced":	101846.000000,
	"nMLStart":	21922.000000,
	"nCLStart":	181344.000000,
	"nMLViolation":	0.000000,
	"nCLViolation":	36.400002,
	"vMeasure":	0.802837,
	"duration":	1725.599976,
	"mlConst":	0.000000,
	"clConst":	0.000000
},
{
	"iterTerminate":	7.600000,
	"cost":	45837.429688,
	"reachLocalMinimal":	1.000000,
	"nConstraintOriginal":	3433.000000,
	"nConstraintDeduced":	170485.000000,
	"nMLStart":	32606.000000,
	"nCLStart":	307772.000000,
	"nMLViolation":	0.000000,
	"nCLViolation":	22.000000,
	"vMeasure":	0.847286,
	"duration":	1727.199951,
	"mlConst":	0.000000,
	"clConst":	0.000000
},
{
	"iterTerminate":	8.000000,
	"cost":	46237.046875,
	"reachLocalMinimal":	1.000000,
	"nConstraintOriginal":	3609.000000,
	"nConstraintDeduced":	184946.000000,
	"nMLStart":	36514.000000,
	"nCLStart":	332620.000000,
	"nMLViolation":	0.000000,
	"nCLViolation":	52.000000,
	"vMeasure":	0.817665,
	"duration":	1881.000000,
	"mlConst":	0.000000,
	"clConst":	0.000000
},
{
	"iterTerminate":	22.000000,
	"cost":	45361.648438,
	"reachLocalMinimal":	1.000000,
	"nConstraintOriginal":	402.000000,
	"nConstraintDeduced":	506.000000,
	"nMLStart":	294.000000,
	"nCLStart":	714.000000,
	"nMLViolation":	38.799999,
	"nCLViolation":	18.000000,
	"vMeasure":	0.743929,
	"duration":	2391.600098,
	"mlConst":	0.000000,
	"clConst":	0.000000
},
{
	"iterTerminate":	11.200000,
	"cost":	45569.664062,
	"reachLocalMinimal":	1.000000,
	"nConstraintOriginal":	4357.000000,
	"nConstraintDeduced":	248377.000000,
	"nMLStart":	47698.000000,
	"nCLStart":	447870.000000,
	"nMLViolation":	0.000000,
	"nCLViolation":	30.799999,
	"vMeasure":	0.866400,
	"duration":	3038.800049,
	"mlConst":	0.000000,
	"clConst":	0.000000
},
{
	"iterTerminate":	7.400000,
	"cost":	45647.410156,
	"reachLocalMinimal":	1.000000,
	"nConstraintOriginal":	5176.000000,
	"nConstraintDeduced":	327171.000000,
	"nMLStart":	63356.000000,
	"nCLStart":	589408.000000,
	"nMLViolation":	0.000000,
	"nCLViolation":	12.400000,
	"vMeasure":	0.877530,
	"duration":	2517.399902,
	"mlConst":	0.000000,
	"clConst":	0.000000
},
{
	"iterTerminate":	10.800000,
	"cost":	45295.984375,
	"reachLocalMinimal":	1.000000,
	"nConstraintOriginal":	529.000000,
	"nConstraintDeduced":	649.000000,
	"nMLStart":	434.000000,
	"nCLStart":	864.000000,
	"nMLViolation":	30.000000,
	"nCLViolation":	20.000000,
	"vMeasure":	0.766108,
	"duration":	1232.599976,
	"mlConst":	0.000000,
	"clConst":	0.000000
},
{
	"iterTerminate":	6.400000,
	"cost":	45699.925781,
	"reachLocalMinimal":	1.000000,
	"nConstraintOriginal":	5500.000000,
	"nConstraintDeduced":	361090.000000,
	"nMLStart":	70616.000000,
	"nCLStart":	649480.000000,
	"nMLViolation":	0.000000,
	"nCLViolation":	24.000000,
	"vMeasure":	0.887422,
	"duration":	2401.800049,
	"mlConst":	0.000000,
	"clConst":	0.000000
},
{
	"iterTerminate":	30.000000,
	"cost":	45088.648438,
	"reachLocalMinimal":	1.000000,
	"nConstraintOriginal":	55.000000,
	"nConstraintDeduced":	55.000000,
	"nMLStart":	20.000000,
	"nCLStart":	90.000000,
	"nMLViolation":	6.000000,
	"nCLViolation":	2.000000,
	"vMeasure":	0.769471,
	"duration":	3211.000000,
	"mlConst":	0.000000,
	"clConst":	0.000000
},
{
	"iterTerminate":	6.600000,
	"cost":	50387.164062,
	"reachLocalMinimal":	1.000000,
	"nConstraintOriginal":	6181.000000,
	"nConstraintDeduced":	419560.000000,
	"nMLStart":	82726.000000,
	"nCLStart":	753688.000000,
	"nMLViolation":	0.000000,
	"nCLViolation":	3528.399902,
	"vMeasure":	0.886446,
	"duration":	2761.199951,
	"mlConst":	0.000000,
	"clConst":	0.000000
},
{
	"iterTerminate":	6.200000,
	"cost":	45758.933594,
	"reachLocalMinimal":	1.000000,
	"nConstraintOriginal":	6655.000000,
	"nConstraintDeduced":	465418.000000,
	"nMLStart":	89576.000000,
	"nCLStart":	838314.000000,
	"nMLViolation":	0.000000,
	"nCLViolation":	20.799999,
	"vMeasure":	0.903045,
	"duration":	2866.800049,
	"mlConst":	0.000000,
	"clConst":	0.000000
},
{
	"iterTerminate":	5.000000,
	"cost":	45749.546875,
	"reachLocalMinimal":	1.000000,
	"nConstraintOriginal":	7275.000000,
	"nConstraintDeduced":	529726.000000,
	"nMLStart":	104772.000000,
	"nCLStart":	950642.000000,
	"nMLViolation":	0.000000,
	"nCLViolation":	15.600000,
	"vMeasure":	0.901639,
	"duration":	2693.399902,
	"mlConst":	0.000000,
	"clConst":	0.000000
},
{
	"iterTerminate":	5.400000,
	"cost":	45778.519531,
	"reachLocalMinimal":	1.000000,
	"nConstraintOriginal":	7789.000000,
	"nConstraintDeduced":	577218.000000,
	"nMLStart":	113576.000000,
	"nCLStart":	1036722.000000,
	"nMLViolation":	0.000000,
	"nCLViolation":	12.800000,
	"vMeasure":	0.913330,
	"duration":	3078.600098,
	"mlConst":	0.000000,
	"clConst":	0.000000
},
{
	"iterTerminate":	4.000000,
	"cost":	45860.066406,
	"reachLocalMinimal":	1.000000,
	"nConstraintOriginal":	8322.000000,
	"nConstraintDeduced":	622302.000000,
	"nMLStart":	123036.000000,
	"nCLStart":	1116350.000000,
	"nMLViolation":	0.000000,
	"nCLViolation":	6.800000,
	"vMeasure":	0.929354,
	"duration":	2583.800049,
	"mlConst":	0.000000,
	"clConst":	0.000000
},
{
	"iterTerminate":	11.200000,
	"cost":	45476.648438,
	"reachLocalMinimal":	1.000000,
	"nConstraintOriginal":	880.000000,
	"nConstraintDeduced":	1467.000000,
	"nMLStart":	1024.000000,
	"nCLStart":	1896.000000,
	"nMLViolation":	36.000000,
	"nCLViolation":	22.000000,
	"vMeasure":	0.760341,
	"duration":	1277.599976,
	"mlConst":	0.000000,
	"clConst":	0.000000
},
{
	"iterTerminate":	5.400000,
	"cost":	45803.812500,
	"reachLocalMinimal":	1.000000,
	"nConstraintOriginal":	9012.000000,
	"nConstraintDeduced":	681913.000000,
	"nMLStart":	134392.000000,
	"nCLStart":	1223648.000000,
	"nMLViolation":	0.000000,
	"nCLViolation":	16.000000,
	"vMeasure":	0.924869,
	"duration":	3536.000000,
	"mlConst":	0.000000,
	"clConst":	0.000000
},
{
	"iterTerminate":	5.800000,
	"cost":	45893.500000,
	"reachLocalMinimal":	1.000000,
	"nConstraintOriginal":	9439.000000,
	"nConstraintDeduced":	723528.000000,
	"nMLStart":	142542.000000,
	"nCLStart":	1297374.000000,
	"nMLViolation":	0.000000,
	"nCLViolation":	6.000000,
	"vMeasure":	0.942242,
	"duration":	3911.600098,
	"mlConst":	0.000000,
	"clConst":	0.000000
}
]