[
{
	"iterTerminate":	16.000000,
	"cost":	11746.264648,
	"reachLocalMinimal":	1.000000,
	"nConstraintOriginal":	0.000000,
	"nConstraintDeduced":	0.000000,
	"nMLStart":	0.000000,
	"nCLStart":	0.000000,
	"nMLViolation":	0.000000,
	"nCLViolation":	0.000000,
	"vMeasure":	0.493053,
	"duration":	34675.199219,
	"mlConst":	0.000000,
	"clConst":	0.000000
},
{
	"iterTerminate":	6.000000,
	"cost":	12199.955078,
	"reachLocalMinimal":	1.000000,
	"nConstraintOriginal":	10324.000000,
	"nConstraintDeduced":	777865.000000,
	"nMLStart":	153160.000000,
	"nCLStart":	1394104.000000,
	"nMLViolation":	0.000000,
	"nCLViolation":	0.000000,
	"vMeasure":	0.942360,
	"duration":	19894.599609,
	"mlConst":	0.000000,
	"clConst":	0.000000
},
{
	"iterTerminate":	7.600000,
	"cost":	12242.472656,
	"reachLocalMinimal":	1.000000,
	"nConstraintOriginal":	10627.000000,
	"nConstraintDeduced":	805647.000000,
	"nMLStart":	158638.000000,
	"nCLStart":	1444148.000000,
	"nMLViolation":	0.000000,
	"nCLViolation":	3.600000,
	"vMeasure":	0.929661,
	"duration":	24383.199219,
	"mlConst":	0.000000,
	"clConst":	0.000000
},
{
	"iterTerminate":	6.800000,
	"cost":	12042.817383,
	"reachLocalMinimal":	1.000000,
	"nConstraintOriginal":	1375.000000,
	"nConstraintDeduced":	7166.000000,
	"nMLStart":	3680.000000,
	"nCLStart":	10610.000000,
	"nMLViolation":	89.599998,
	"nCLViolation":	0.000000,
	"vMeasure":	0.752668,
	"duration":	15710.799805,
	"mlConst":	0.000000,
	"clConst":	0.000000
},
{
	"iterTerminate":	8.000000,
	"cost":	12033.333984,
	"reachLocalMinimal":	1.000000,
	"nConstraintOriginal":	1980.000000,
	"nConstraintDeduced":	17843.000000,
	"nMLStart":	6690.000000,
	"nCLStart":	28894.000000,
	"nMLViolation":	132.000000,
	"nCLViolation":	0.000000,
	"vMeasure":	0.743162,
	"duration":	18236.199219,
	"mlConst":	0.000000,
	"clConst":	0.000000
},
{
	"iterTerminate":	5.800000,
	"cost":	11914.978516,
	"reachLocalMinimal":	1.000000,
	"nConstraintOriginal":	220.000000,
	"nConstraintDeduced":	240.000000,
	"nMLStart":	120.000000,
	"nCLStart":	360.000000,
	"nMLViolation":	21.200001,
	"nCLViolation":	0.000000,
	"vMeasure":	0.688691,
	"duration":	13424.599609,
	"mlConst":	0.000000,
	"clConst":	0.000000
},
{
	"iterTerminate":	7.800000,
	"cost":	12199.755859,
	"reachLocalMinimal":	1.000000,
	"nConstraintOriginal":	2397.000000,
	"nConstraintDeduced":	45490.000000,
	"nMLStart":	11946.000000,
	"nCLStart":	78792.000000,
	"nMLViolation":	121.199997,
	"nCLViolation":	0.400000,
	"vMeasure":	0.669757,
	"duration":	17909.199219,
	"mlConst":	0.000000,
	"clConst":	0.000000
},
{
	"iterTerminate":	7.600000,
	"cost":	12218.892578,
	"reachLocalMinimal":	1.000000,
	"nConstraintOriginal":	2695.000000,
	"nConstraintDeduced":	83850.000000,
	"nMLStart":	17844.000000,
	"nCLStart":	149474.000000,
	"nMLViolation":	238.399994,
	"nCLViolation":	0.000000,
	"vMeasure":	0.677269,
	"duration":	17770.199219,
	"mlConst":	0.000000,
	"clConst":	0.000000
},
{
	"iterTerminate":	9.600000,
	"cost":	12188.123047,
	"reachLocalMinimal":	1.000000,
	"nConstraintOriginal":	2932.000000,
	"nConstraintDeduced":	101846.000000,
	"nMLStart":	21922.000000,
	"nCLStart":	181344.000000,
	"nMLViolation":	66.000000,
	"nCLViolation":	1.600000,
	"vMeasure":	0.722237,
	"duration":	22411.199219,
	"mlConst":	0.000000,
	"clConst":	0.000000
},
{
	"iterTerminate":	9.600000,
	"cost":	12147.259766,
	"reachLocalMinimal":	1.000000,
	"nConstraintOriginal":	3433.000000,
	"nConstraintDeduced":	170485.000000,
	"nMLStart":	32606.000000,
	"nCLStart":	307772.000000,
	"nMLViolation":	41.200001,
	"nCLViolation":	0.000000,
	"vMeasure":	0.752221,
	"duration":	23102.400391,
	"mlConst":	0.000000,
	"clConst":	0.000000
},
{
	"iterTerminate":	11.000000,
	"cost":	12155.391602,
	"reachLocalMinimal":	1.000000,
	"nConstraintOriginal":	3609.000000,
	"nConstraintDeduced":	184946.000000,
	"nMLStart":	36514.000000,
	"nCLStart":	332620.000000,
	"nMLViolation":	142.399994,
	"nCLViolation":	1.600000,
	"vMeasure":	0.776480,
	"duration":	26883.000000,
	"mlConst":	0.000000,
	"clConst":	0.000000
},
{
	"iterTerminate":	13.000000,
	"cost":	11872.018555,
	"reachLocalMinimal":	1.000000,
	"nConstraintOriginal":	402.000000,
	"nConstraintDeduced":	506.000000,
	"nMLStart":	294.000000,
	"nCLStart":	714.000000,
	"nMLViolation":	78.000000,
	"nCLViolation":	0.000000,
	"vMeasure":	0.643870,
	"duration":	28574.599609,
	"mlConst":	0.000000,
	"clConst":	0.000000
},
{
	"iterTerminate":	10.000000,
	"cost":	12152.603516,
	"reachLocalMinimal":	1.000000,
	"nConstraintOriginal":	4357.000000,
	"nConstraintDeduced":	248377.000000,
	"nMLStart":	47698.000000,
	"nCLStart":	447870.000000,
	"nMLViolation":	10.400000,
	"nCLViolation":	0.400000,
	"vMeasure":	0.767051,
	"duration":	24768.400391,
	"mlConst":	0.000000,
	"clConst":	0.000000
},
{
	"iterTerminate":	9.400000,
	"cost":	12187.386719,
	"reachLocalMinimal":	1.000000,
	"nConstraintOriginal":	5176.000000,
	"nConstraintDeduced":	327171.000000,
	"nMLStart":	63356.000000,
	"nCLStart":	589408.000000,
	"nMLViolation":	3.600000,
	"nCLViolation":	0.000000,
	"vMeasure":	0.867915,
	"duration":	24224.199219,
	"mlConst":	0.000000,
	"clConst":	0.000000
},
{
	"iterTerminate":	9.000000,
	"cost":	11857.628906,
	"reachLocalMinimal":	1.000000,
	"nConstraintOriginal":	529.000000,
	"nConstraintDeduced":	649.000000,
	"nMLStart":	434.000000,
	"nCLStart":	864.000000,
	"nMLViolation":	86.000000,
	"nCLViolation":	0.000000,
	"vMeasure":	0.570373,
	"duration":	20329.400391,
	"mlConst":	0.000000,
	"clConst":	0.000000
},
{
	"iterTerminate":	8.000000,
	"cost":	12165.109375,
	"reachLocalMinimal":	1.000000,
	"nConstraintOriginal":	5500.000000,
	"nConstraintDeduced":	361090.000000,
	"nMLStart":	70616.000000,
	"nCLStart":	649480.000000,
	"nMLViolation":	0.000000,
	"nCLViolation":	0.800000,
	"vMeasure":	0.852561,
	"duration":	21119.800781,
	"mlConst":	0.000000,
	"clConst":	0.000000
},
{
	"iterTerminate":	9.800000,
	"cost":	11749.606445,
	"reachLocalMinimal":	1.000000,
	"nConstraintOriginal":	55.000000,
	"nConstraintDeduced":	55.000000,
	"nMLStart":	20.000000,
	"nCLStart":	90.000000,
	"nMLViolation":	11.600000,
	"nCLViolation":	0.000000,
	"vMeasure":	0.540900,
	"duration":	21876.000000,
	"mlConst":	0.000000,
	"clConst":	0.000000
},
{
	"iterTerminate":	8.800000,
	"cost":	58716.207031,
	"reachLocalMinimal":	1.000000,
	"nConstraintOriginal":	6181.000000,
	"nConstraintDeduced":	419560.000000,
	"nMLStart":	82726.000000,
	"nCLStart":	753688.000000,
	"nMLViolation":	632.400024,
	"nCLViolation":	1944.000000,
	"vMeasure":	0.827674,
	"duration":	23620.400391,
	"mlConst":	0.000000,
	"clConst":	0.000000
},
{
	"iterTerminate":	7.800000,
	"cost":	12211.140625,
	"reachLocalMinimal":	1.000000,
	"nConstraintOriginal":	6655.000000,
	"nConstraintDeduced":	465418.000000,
	"nMLStart":	89576.000000,
	"nCLStart":	838314.000000,
	"nMLViolation":	0.000000,
	"nCLViolation":	3.200000,
	"vMeasure":	0.864879,
	"duration":	21632.199219,
	"mlConst":	0.000000,
	"clConst":	0.000000
},
{
	"iterTerminate":	8.800000,
	"cost":	12173.909180,
	"reachLocalMinimal":	1.000000,
	"nConstraintOriginal":	7275.000000,
	"nConstraintDeduced":	529726.000000,
	"nMLStart":	104772.000000,
	"nCLStart":	950642.000000,
	"nMLViolation":	0.000000,
	"nCLViolation":	0.400000,
	"vMeasure":	0.888829,
	"duration":	24734.599609,
	"mlConst":	0.000000,
	"clConst":	0.000000
},
{
	"iterTerminate":	8.600000,
	"cost":	12200.178711,
	"reachLocalMinimal":	1.000000,
	"nConstraintOriginal":	7789.000000,
	"nConstraintDeduced":	577218.000000,
	"nMLStart":	113576.000000,
	"nCLStart":	1036722.000000,
	"nMLViolation":	0.000000,
	"nCLViolation":	0.000000,
	"vMeasure":	0.910192,
	"duration":	24852.199219,
	"mlConst":	0.000000,
	"clConst":	0.000000
},
{
	"iterTerminate":	7.400000,
	"cost":	34250.945312,
	"reachLocalMinimal":	1.000000,
	"nConstraintOriginal":	8322.000000,
	"nConstraintDeduced":	622302.000000,
	"nMLStart":	123036.000000,
	"nCLStart":	1116350.000000,
	"nMLViolation":	988.000000,
	"nCLViolation":	1658.800049,
	"vMeasure":	0.863779,
	"duration":	22237.800781,
	"mlConst":	0.000000,
	"clConst":	0.000000
},
{
	"iterTerminate":	12.200000,
	"cost":	11908.781250,
	"reachLocalMinimal":	1.000000,
	"nConstraintOriginal":	880.000000,
	"nConstraintDeduced":	1467.000000,
	"nMLStart":	1024.000000,
	"nCLStart":	1896.000000,
	"nMLViolation":	145.199997,
	"nCLViolation":	0.000000,
	"vMeasure":	0.619124,
	"duration":	27039.800781,
	"mlConst":	0.000000,
	"clConst":	0.000000
},
{
	"iterTerminate":	10.000000,
	"cost":	12197.835938,
	"reachLocalMinimal":	1.000000,
	"nConstraintOriginal":	9012.000000,
	"nConstraintDeduced":	681913.000000,
	"nMLStart":	134392.000000,
	"nCLStart":	1223648.000000,
	"nMLViolation":	0.000000,
	"nCLViolation":	0.000000,
	"vMeasure":	0.904590,
	"duration":	29366.000000,
	"mlConst":	0.000000,
	"clConst":	0.000000
},
{
	"iterTerminate":	8.200000,
	"cost":	64847.707031,
	"reachLocalMinimal":	1.000000,
	"nConstraintOriginal":	9439.000000,
	"nConstraintDeduced":	723528.000000,
	"nMLStart":	142542.000000,
	"nCLStart":	1297374.000000,
	"nMLViolation":	1137.599976,
	"nCLViolation":	3978.800049,
	"vMeasure":	0.874496,
	"duration":	25308.199219,
	"mlConst":	0.000000,
	"clConst":	0.000000
}
]