[
{
	"iterTerminate":	5.600000,
	"cost":	32367.791016,
	"reachLocalMinimal":	1.000000,
	"nConstraintOriginal":	10324.000000,
	"nConstraintDeduced":	777865.000000,
	"nMLStart":	153160.000000,
	"nCLStart":	1394104.000000,
	"nMLViolation":	1817.599976,
	"nCLViolation":	3028.800049,
	"vMeasure":	0.871651,
	"duration":	5503.799805,
	"mlConst":	0.000000,
	"clConst":	0.000000
},
{
	"iterTerminate":	7.400000,
	"cost":	10360.700195,
	"reachLocalMinimal":	1.000000,
	"nConstraintOriginal":	10627.000000,
	"nConstraintDeduced":	805647.000000,
	"nMLStart":	158638.000000,
	"nCLStart":	1444148.000000,
	"nMLViolation":	0.000000,
	"nCLViolation":	0.000000,
	"vMeasure":	0.935959,
	"duration":	7080.200195,
	"mlConst":	0.000000,
	"clConst":	0.000000
},
{
	"iterTerminate":	5.600000,
	"cost":	10247.391602,
	"reachLocalMinimal":	1.000000,
	"nConstraintOriginal":	1375.000000,
	"nConstraintDeduced":	7166.000000,
	"nMLStart":	3680.000000,
	"nCLStart":	10610.000000,
	"nMLViolation":	16.000000,
	"nCLViolation":	0.000000,
	"vMeasure":	0.771137,
	"duration":	1345.800049,
	"mlConst":	0.000000,
	"clConst":	0.000000
},
{
	"iterTerminate":	7.000000,
	"cost":	10311.973633,
	"reachLocalMinimal":	1.000000,
	"nConstraintOriginal":	1980.000000,
	"nConstraintDeduced":	17843.000000,
	"nMLStart":	6690.000000,
	"nCLStart":	28894.000000,
	"nMLViolation":	4.800000,
	"nCLViolation":	0.000000,
	"vMeasure":	0.776779,
	"duration":	1680.000000,
	"mlConst":	0.000000,
	"clConst":	0.000000
},
{
	"iterTerminate":	8.000000,
	"cost":	10210.604492,
	"reachLocalMinimal":	1.000000,
	"nConstraintOriginal":	220.000000,
	"nConstraintDeduced":	240.000000,
	"nMLStart":	120.000000,
	"nCLStart":	360.000000,
	"nMLViolation":	12.000000,
	"nCLViolation":	0.000000,
	"vMeasure":	0.731546,
	"duration":	1829.199951,
	"mlConst":	0.000000,
	"clConst":	0.000000
},
{
	"iterTerminate":	5.800000,
	"cost":	10397.044922,
	"reachLocalMinimal":	1.000000,
	"nConstraintOriginal":	2397.000000,
	"nConstraintDeduced":	45490.000000,
	"nMLStart":	11946.000000,
	"nCLStart":	78792.000000,
	"nMLViolation":	4.800000,
	"nCLViolation":	1.600000,
	"vMeasure":	0.772872,
	"duration":	1523.199951,
	"mlConst":	0.000000,
	"clConst":	0.000000
},
{
	"iterTerminate":	7.800000,
	"cost":	10453.578125,
	"reachLocalMinimal":	1.000000,
	"nConstraintOriginal":	2695.000000,
	"nConstraintDeduced":	83850.000000,
	"nMLStart":	17844.000000,
	"nCLStart":	149474.000000,
	"nMLViolation":	0.000000,
	"nCLViolation":	2.800000,
	"vMeasure":	0.769336,
	"duration":	2225.199951,
	"mlConst":	0.000000,
	"clConst":	0.000000
},
{
	"iterTerminate":	10.600000,
	"cost":	10380.650391,
	"reachLocalMinimal":	1.000000,
	"nConstraintOriginal":	2932.000000,
	"nConstraintDeduced":	101846.000000,
	"nMLStart":	21922.000000,
	"nCLStart":	181344.000000,
	"nMLViolation":	0.000000,
	"nCLViolation":	0.000000,
	"vMeasure":	0.779208,
	"duration":	3090.600098,
	"mlConst":	0.000000,
	"clConst":	0.000000
},
{
	"iterTerminate":	7.800000,
	"cost":	10331.188477,
	"reachLocalMinimal":	1.000000,
	"nConstraintOriginal":	3433.000000,
	"nConstraintDeduced":	170485.000000,
	"nMLStart":	32606.000000,
	"nCLStart":	307772.000000,
	"nMLViolation":	0.000000,
	"nCLViolation":	0.800000,
	"vMeasure":	0.824263,
	"duration":	2825.800049,
	"mlConst":	0.000000,
	"clConst":	0.000000
},
{
	"iterTerminate":	8.200000,
	"cost":	10335.857422,
	"reachLocalMinimal":	1.000000,
	"nConstraintOriginal":	3609.000000,
	"nConstraintDeduced":	184946.000000,
	"nMLStart":	36514.000000,
	"nCLStart":	332620.000000,
	"nMLViolation":	0.000000,
	"nCLViolation":	0.000000,
	"vMeasure":	0.826792,
	"duration":	3015.600098,
	"mlConst":	0.000000,
	"clConst":	0.000000
},
{
	"iterTerminate":	11.800000,
	"cost":	10247.861328,
	"reachLocalMinimal":	1.000000,
	"nConstraintOriginal":	402.000000,
	"nConstraintDeduced":	506.000000,
	"nMLStart":	294.000000,
	"nCLStart":	714.000000,
	"nMLViolation":	29.200001,
	"nCLViolation":	0.000000,
	"vMeasure":	0.717810,
	"duration":	2633.600098,
	"mlConst":	0.000000,
	"clConst":	0.000000
},
{
	"iterTerminate":	10.800000,
	"cost":	10292.083008,
	"reachLocalMinimal":	1.000000,
	"nConstraintOriginal":	4357.000000,
	"nConstraintDeduced":	248377.000000,
	"nMLStart":	47698.000000,
	"nCLStart":	447870.000000,
	"nMLViolation":	0.000000,
	"nCLViolation":	0.000000,
	"vMeasure":	0.848449,
	"duration":	4442.200195,
	"mlConst":	0.000000,
	"clConst":	0.000000
},
{
	"iterTerminate":	7.400000,
	"cost":	10301.507812,
	"reachLocalMinimal":	1.000000,
	"nConstraintOriginal":	5176.000000,
	"nConstraintDeduced":	327171.000000,
	"nMLStart":	63356.000000,
	"nCLStart":	589408.000000,
	"nMLViolation":	0.000000,
	"nCLViolation":	0.000000,
	"vMeasure":	0.866128,
	"duration":	3628.399902,
	"mlConst":	0.000000,
	"clConst":	0.000000
},
{
	"iterTerminate":	8.800000,
	"cost":	10232.888672,
	"reachLocalMinimal":	1.000000,
	"nConstraintOriginal":	529.000000,
	"nConstraintDeduced":	649.000000,
	"nMLStart":	434.000000,
	"nCLStart":	864.000000,
	"nMLViolation":	31.600000,
	"nCLViolation":	0.000000,
	"vMeasure":	0.735270,
	"duration":	2000.400024,
	"mlConst":	0.000000,
	"clConst":	0.000000
},
{
	"iterTerminate":	7.600000,
	"cost":	10313.713867,
	"reachLocalMinimal":	1.000000,
	"nConstraintOriginal":	5500.000000,
	"nConstraintDeduced":	361090.000000,
	"nMLStart":	70616.000000,
	"nCLStart":	649480.000000,
	"nMLViolation":	0.000000,
	"nCLViolation":	0.000000,
	"vMeasure":	0.864535,
	"duration":	3935.199951,
	"mlConst":	0.000000,
	"clConst":	0.000000
},
{
	"iterTerminate":	9.800000,
	"cost":	10154.616211,
	"reachLocalMinimal":	1.000000,
	"nConstraintOriginal":	55.000000,
	"nConstraintDeduced":	55.000000,
	"nMLStart":	20.000000,
	"nCLStart":	90.000000,
	"nMLViolation":	6.000000,
	"nCLViolation":	0.000000,
	"vMeasure":	0.691262,
	"duration":	2203.399902,
	"mlConst":	0.000000,
	"clConst":	0.000000
},
{
	"iterTerminate":	7.200000,
	"cost":	19867.453125,
	"reachLocalMinimal":	1.000000,
	"nConstraintOriginal":	6181.000000,
	"nConstraintDeduced":	419560.000000,
	"nMLStart":	82726.000000,
	"nCLStart":	753688.000000,
	"nMLViolation":	666.000000,
	"nCLViolation":	1437.599976,
	"vMeasure":	0.829777,
	"duration":	4150.200195,
	"mlConst":	0.000000,
	"clConst":	0.000000
},
{
	"iterTerminate":	7.200000,
	"cost":	10323.558594,
	"reachLocalMinimal":	1.000000,
	"nConstraintOriginal":	6655.000000,
	"nConstraintDeduced":	465418.000000,
	"nMLStart":	89576.000000,
	"nCLStart":	838314.000000,
	"nMLViolation":	0.000000,
	"nCLViolation":	0.000000,
	"vMeasure":	0.897633,
	"duration":	4450.399902,
	"mlConst":	0.000000,
	"clConst":	0.000000
},
{
	"iterTerminate":	7.400000,
	"cost":	10323.986328,
	"reachLocalMinimal":	1.000000,
	"nConstraintOriginal":	7275.000000,
	"nConstraintDeduced":	529726.000000,
	"nMLStart":	104772.000000,
	"nCLStart":	950642.000000,
	"nMLViolation":	0.000000,
	"nCLViolation":	0.000000,
	"vMeasure":	0.899469,
	"duration":	5217.200195,
	"mlConst":	0.000000,
	"clConst":	0.000000
},
{
	"iterTerminate":	6.400000,
	"cost":	10336.180664,
	"reachLocalMinimal":	1.000000,
	"nConstraintOriginal":	7789.000000,
	"nConstraintDeduced":	577218.000000,
	"nMLStart":	113576.000000,
	"nCLStart":	1036722.000000,
	"nMLViolation":	0.000000,
	"nCLViolation":	0.000000,
	"vMeasure":	0.902878,
	"duration":	4847.000000,
	"mlConst":	0.000000,
	"clConst":	0.000000
},
{
	"iterTerminate":	7.800000,
	"cost":	10346.387695,
	"reachLocalMinimal":	1.000000,
	"nConstraintOriginal":	8322.000000,
	"nConstraintDeduced":	622302.000000,
	"nMLStart":	123036.000000,
	"nCLStart":	1116350.000000,
	"nMLViolation":	0.000000,
	"nCLViolation":	0.000000,
	"vMeasure":	0.922302,
	"duration":	5894.000000,
	"mlConst":	0.000000,
	"clConst":	0.000000
},
{
	"iterTerminate":	9.600000,
	"cost":	10184.977539,
	"reachLocalMinimal":	1.000000,
	"nConstraintOriginal":	880.000000,
	"nConstraintDeduced":	1467.000000,
	"nMLStart":	1024.000000,
	"nCLStart":	1896.000000,
	"nMLViolation":	56.799999,
	"nCLViolation":	2.000000,
	"vMeasure":	0.724812,
	"duration":	2196.199951,
	"mlConst":	0.000000,
	"clConst":	0.000000
},
{
	"iterTerminate":	6.800000,
	"cost":	10341.479492,
	"reachLocalMinimal":	1.000000,
	"nConstraintOriginal":	9012.000000,
	"nConstraintDeduced":	681913.000000,
	"nMLStart":	134392.000000,
	"nCLStart":	1223648.000000,
	"nMLViolation":	0.000000,
	"nCLViolation":	0.000000,
	"vMeasure":	0.922158,
	"duration":	5673.600098,
	"mlConst":	0.000000,
	"clConst":	0.000000
},
{
	"iterTerminate":	7.200000,
	"cost":	10353.317383,
	"reachLocalMinimal":	1.000000,
	"nConstraintOriginal":	9439.000000,
	"nConstraintDeduced":	723528.000000,
	"nMLStart":	142542.000000,
	"nCLStart":	1297374.000000,
	"nMLViolation":	0.000000,
	"nCLViolation":	0.000000,
	"vMeasure":	0.933190,
	"duration":	6289.399902,
	"mlConst":	0.000000,
	"clConst":	0.000000
}
]