[
{
	"iterTerminate":	3.000000,
	"cost":	246.976852,
	"reachLocalMinimal":	1.000000,
	"nConstraintOriginal":	0.000000,
	"nConstraintDeduced":	0.000000,
	"nMLStart":	0.000000,
	"nCLStart":	0.000000,
	"nMLViolation":	0.000000,
	"nCLViolation":	0.000000,
	"vMeasure":	0.647809,
	"duration":	4.900000,
	"mlConst":	0.000000,
	"clConst":	0.000000
},
{
	"iterTerminate":	3.000000,
	"cost":	242.978729,
	"reachLocalMinimal":	1.000000,
	"nConstraintOriginal":	1014.000000,
	"nConstraintDeduced":	11238.000000,
	"nMLStart":	7056.000000,
	"nCLStart":	14448.000000,
	"nMLViolation":	0.000000,
	"nCLViolation":	0.000000,
	"vMeasure":	1.000000,
	"duration":	16.000000,
	"mlConst":	0.000000,
	"clConst":	0.000000
},
{
	"iterTerminate":	3.000000,
	"cost":	242.978729,
	"reachLocalMinimal":	1.000000,
	"nConstraintOriginal":	1176.000000,
	"nConstraintDeduced":	11614.000000,
	"nMLStart":	7252.000000,
	"nCLStart":	14804.000000,
	"nMLViolation":	0.000000,
	"nCLViolation":	0.000000,
	"vMeasure":	1.000000,
	"duration":	15.900000,
	"mlConst":	0.000000,
	"clConst":	0.000000
},
{
	"iterTerminate":	4.000000,
	"cost":	237.763260,
	"reachLocalMinimal":	1.000000,
	"nConstraintOriginal":	150.000000,
	"nConstraintDeduced":	2445.000000,
	"nMLStart":	1476.000000,
	"nCLStart":	3380.000000,
	"nMLViolation":	0.000000,
	"nCLViolation":	4.000000,
	"vMeasure":	0.882342,
	"duration":	9.000000,
	"mlConst":	0.000000,
	"clConst":	0.000000
},
{
	"iterTerminate":	2.000000,
	"cost":	257.784302,
	"reachLocalMinimal":	1.000000,
	"nConstraintOriginal":	216.000000,
	"nConstraintDeduced":	3936.000000,
	"nMLStart":	2494.000000,
	"nCLStart":	5310.000000,
	"nMLViolation":	43.599998,
	"nCLViolation":	107.800003,
	"vMeasure":	0.516385,
	"duration":	7.300000,
	"mlConst":	0.000000,
	"clConst":	0.000000
},
{
	"iterTerminate":	3.400000,
	"cost":	238.127640,
	"reachLocalMinimal":	1.000000,
	"nConstraintOriginal":	294.000000,
	"nConstraintDeduced":	5464.000000,
	"nMLStart":	3176.000000,
	"nCLStart":	7644.000000,
	"nMLViolation":	0.000000,
	"nCLViolation":	7.400000,
	"vMeasure":	0.879085,
	"duration":	10.800000,
	"mlConst":	0.000000,
	"clConst":	0.000000
},
{
	"iterTerminate":	3.000000,
	"cost":	239.234711,
	"reachLocalMinimal":	1.000000,
	"nConstraintOriginal":	384.000000,
	"nConstraintDeduced":	6408.000000,
	"nMLStart":	4074.000000,
	"nCLStart":	8510.000000,
	"nMLViolation":	0.000000,
	"nCLViolation":	2.800000,
	"vMeasure":	0.941379,
	"duration":	11.000000,
	"mlConst":	0.000000,
	"clConst":	0.000000
},
{
	"iterTerminate":	3.000000,
	"cost":	243.084229,
	"reachLocalMinimal":	1.000000,
	"nConstraintOriginal":	486.000000,
	"nConstraintDeduced":	9288.000000,
	"nMLStart":	5946.000000,
	"nCLStart":	12218.000000,
	"nMLViolation":	0.000000,
	"nCLViolation":	0.000000,
	"vMeasure":	0.970172,
	"duration":	13.900000,
	"mlConst":	0.000000,
	"clConst":	0.000000
},
{
	"iterTerminate":	3.000000,
	"cost":	240.149567,
	"reachLocalMinimal":	1.000000,
	"nConstraintOriginal":	600.000000,
	"nConstraintDeduced":	9211.000000,
	"nMLStart":	5864.000000,
	"nCLStart":	12080.000000,
	"nMLViolation":	0.000000,
	"nCLViolation":	1.800000,
	"vMeasure":	0.973154,
	"duration":	13.800000,
	"mlConst":	0.000000,
	"clConst":	0.000000
},
{
	"iterTerminate":	3.100000,
	"cost":	242.978729,
	"reachLocalMinimal":	1.000000,
	"nConstraintOriginal":	726.000000,
	"nConstraintDeduced":	10374.000000,
	"nMLStart":	6582.000000,
	"nCLStart":	13548.000000,
	"nMLViolation":	0.000000,
	"nCLViolation":	0.000000,
	"vMeasure":	1.000000,
	"duration":	15.200000,
	"mlConst":	0.000000,
	"clConst":	0.000000
},
{
	"iterTerminate":	3.100000,
	"cost":	242.431000,
	"reachLocalMinimal":	1.000000,
	"nConstraintOriginal":	864.000000,
	"nConstraintDeduced":	11017.000000,
	"nMLStart":	6960.000000,
	"nCLStart":	14216.000000,
	"nMLViolation":	0.000000,
	"nCLViolation":	0.200000,
	"vMeasure":	0.991871,
	"duration":	15.400000,
	"mlConst":	0.000000,
	"clConst":	0.000000
},
{
	"iterTerminate":	3.100000,
	"cost":	238.985641,
	"reachLocalMinimal":	1.000000,
	"nConstraintOriginal":	96.000000,
	"nConstraintDeduced":	793.000000,
	"nMLStart":	640.000000,
	"nCLStart":	938.000000,
	"nMLViolation":	0.000000,
	"nCLViolation":	6.000000,
	"vMeasure":	0.785757,
	"duration":	5.300000,
	"mlConst":	0.000000,
	"clConst":	0.000000
}
]