[
{
	"iterTerminate":	5.285714,
	"cost":	133.307114,
	"reachLocalMinimal":	1.000000,
	"nConstraintOriginal":	0.000000,
	"nConstraintDeduced":	0.000000,
	"nMLStart":	0.000000,
	"nCLStart":	0.000000,
	"nMLViolation":	0.000000,
	"nCLViolation":	0.000000,
	"vMeasure":	0.629948,
	"duration":	2.428571,
	"mlConst":	0.000000,
	"clConst":	0.000000
},
{
	"iterTerminate":	3.600000,
	"cost":	136.481201,
	"reachLocalMinimal":	1.000000,
	"nConstraintOriginal":	1014.000000,
	"nConstraintDeduced":	11238.000000,
	"nMLStart":	7056.000000,
	"nCLStart":	14448.000000,
	"nMLViolation":	0.000000,
	"nCLViolation":	0.000000,
	"vMeasure":	0.970172,
	"duration":	15.300000,
	"mlConst":	0.000000,
	"clConst":	0.000000
},
{
	"iterTerminate":	3.200000,
	"cost":	424.024231,
	"reachLocalMinimal":	1.000000,
	"nConstraintOriginal":	1176.000000,
	"nConstraintDeduced":	11614.000000,
	"nMLStart":	7252.000000,
	"nCLStart":	14804.000000,
	"nMLViolation":	196.800003,
	"nCLViolation":	240.399994,
	"vMeasure":	0.930393,
	"duration":	14.500000,
	"mlConst":	0.000000,
	"clConst":	0.000000
},
{
	"iterTerminate":	3.200000,
	"cost":	131.478912,
	"reachLocalMinimal":	1.000000,
	"nConstraintOriginal":	150.000000,
	"nConstraintDeduced":	2445.000000,
	"nMLStart":	1476.000000,
	"nCLStart":	3380.000000,
	"nMLViolation":	0.000000,
	"nCLViolation":	6.000000,
	"vMeasure":	0.785183,
	"duration":	4.200000,
	"mlConst":	0.000000,
	"clConst":	0.000000
},
{
	"iterTerminate":	5.200000,
	"cost":	152.450958,
	"reachLocalMinimal":	1.000000,
	"nConstraintOriginal":	216.000000,
	"nConstraintDeduced":	3936.000000,
	"nMLStart":	2494.000000,
	"nCLStart":	5310.000000,
	"nMLViolation":	27.600000,
	"nCLViolation":	42.000000,
	"vMeasure":	0.827690,
	"duration":	7.200000,
	"mlConst":	0.000000,
	"clConst":	0.000000
},
{
	"iterTerminate":	4.000000,
	"cost":	141.761810,
	"reachLocalMinimal":	1.000000,
	"nConstraintOriginal":	294.000000,
	"nConstraintDeduced":	5464.000000,
	"nMLStart":	3176.000000,
	"nCLStart":	7644.000000,
	"nMLViolation":	0.000000,
	"nCLViolation":	5.000000,
	"vMeasure":	0.844492,
	"duration":	8.200000,
	"mlConst":	0.000000,
	"clConst":	0.000000
},
{
	"iterTerminate":	3.500000,
	"cost":	274.398224,
	"reachLocalMinimal":	1.000000,
	"nConstraintOriginal":	384.000000,
	"nConstraintDeduced":	6408.000000,
	"nMLStart":	4074.000000,
	"nCLStart":	8510.000000,
	"nMLViolation":	150.399994,
	"nCLViolation":	213.399994,
	"vMeasure":	0.773251,
	"duration":	8.300000,
	"mlConst":	0.000000,
	"clConst":	0.000000
},
{
	"iterTerminate":	3.700000,
	"cost":	154.132233,
	"reachLocalMinimal":	1.000000,
	"nConstraintOriginal":	486.000000,
	"nConstraintDeduced":	9288.000000,
	"nMLStart":	5946.000000,
	"nCLStart":	12218.000000,
	"nMLViolation":	49.200001,
	"nCLViolation":	53.000000,
	"vMeasure":	0.945662,
	"duration":	12.000000,
	"mlConst":	0.000000,
	"clConst":	0.000000
},
{
	"iterTerminate":	3.500000,
	"cost":	336.784119,
	"reachLocalMinimal":	1.000000,
	"nConstraintOriginal":	600.000000,
	"nConstraintDeduced":	9211.000000,
	"nMLStart":	5864.000000,
	"nCLStart":	12080.000000,
	"nMLViolation":	159.600006,
	"nCLViolation":	184.800003,
	"vMeasure":	0.917159,
	"duration":	13.100000,
	"mlConst":	0.000000,
	"clConst":	0.000000
},
{
	"iterTerminate":	3.600000,
	"cost":	236.112213,
	"reachLocalMinimal":	1.000000,
	"nConstraintOriginal":	726.000000,
	"nConstraintDeduced":	10374.000000,
	"nMLStart":	6582.000000,
	"nCLStart":	13548.000000,
	"nMLViolation":	64.000000,
	"nCLViolation":	77.599998,
	"vMeasure":	0.984989,
	"duration":	12.800000,
	"mlConst":	0.000000,
	"clConst":	0.000000
},
{
	"iterTerminate":	3.600000,
	"cost":	221.728714,
	"reachLocalMinimal":	1.000000,
	"nConstraintOriginal":	864.000000,
	"nConstraintDeduced":	11017.000000,
	"nMLStart":	6960.000000,
	"nCLStart":	14216.000000,
	"nMLViolation":	108.000000,
	"nCLViolation":	124.800003,
	"vMeasure":	0.952533,
	"duration":	13.500000,
	"mlConst":	0.000000,
	"clConst":	0.000000
},
{
	"iterTerminate":	3.600000,
	"cost":	135.458344,
	"reachLocalMinimal":	1.000000,
	"nConstraintOriginal":	96.000000,
	"nConstraintDeduced":	793.000000,
	"nMLStart":	640.000000,
	"nCLStart":	938.000000,
	"nMLViolation":	0.000000,
	"nCLViolation":	6.800000,
	"vMeasure":	0.682927,
	"duration":	2.500000,
	"mlConst":	0.000000,
	"clConst":	0.000000
}
]