[
{
	"iterTerminate":	7.555555,
	"cost":	100.109756,
	"reachLocalMinimal":	1.000000,
	"nConstraintOriginal":	0.000000,
	"nConstraintDeduced":	0.000000,
	"nMLStart":	0.000000,
	"nCLStart":	0.000000,
	"nMLViolation":	0.000000,
	"nCLViolation":	0.000000,
	"vMeasure":	0.726384,
	"duration":	4.777778,
	"mlConst":	0.000000,
	"clConst":	0.000000
},
{
	"iterTerminate":	3.000000,
	"cost":	100.461716,
	"reachLocalMinimal":	1.000000,
	"nConstraintOriginal":	1014.000000,
	"nConstraintDeduced":	11238.000000,
	"nMLStart":	7056.000000,
	"nCLStart":	14448.000000,
	"nMLViolation":	0.000000,
	"nCLViolation":	0.000000,
	"vMeasure":	0.970172,
	"duration":	19.900000,
	"mlConst":	0.000000,
	"clConst":	0.000000
},
{
	"iterTerminate":	3.000000,
	"cost":	100.461716,
	"reachLocalMinimal":	1.000000,
	"nConstraintOriginal":	1176.000000,
	"nConstraintDeduced":	11614.000000,
	"nMLStart":	7252.000000,
	"nCLStart":	14804.000000,
	"nMLViolation":	0.000000,
	"nCLViolation":	0.000000,
	"vMeasure":	0.970172,
	"duration":	13.700000,
	"mlConst":	0.000000,
	"clConst":	0.000000
},
{
	"iterTerminate":	4.700000,
	"cost":	99.915352,
	"reachLocalMinimal":	1.000000,
	"nConstraintOriginal":	150.000000,
	"nConstraintDeduced":	2445.000000,
	"nMLStart":	1476.000000,
	"nCLStart":	3380.000000,
	"nMLViolation":	0.000000,
	"nCLViolation":	6.000000,
	"vMeasure":	0.846466,
	"duration":	4.100000,
	"mlConst":	0.000000,
	"clConst":	0.000000
},
{
	"iterTerminate":	4.000000,
	"cost":	100.539719,
	"reachLocalMinimal":	1.000000,
	"nConstraintOriginal":	216.000000,
	"nConstraintDeduced":	3936.000000,
	"nMLStart":	2494.000000,
	"nCLStart":	5310.000000,
	"nMLViolation":	0.000000,
	"nCLViolation":	0.000000,
	"vMeasure":	0.970172,
	"duration":	5.300000,
	"mlConst":	0.000000,
	"clConst":	0.000000
},
{
	"iterTerminate":	4.000000,
	"cost":	100.184639,
	"reachLocalMinimal":	1.000000,
	"nConstraintOriginal":	294.000000,
	"nConstraintDeduced":	5464.000000,
	"nMLStart":	3176.000000,
	"nCLStart":	7644.000000,
	"nMLViolation":	0.000000,
	"nCLViolation":	0.000000,
	"vMeasure":	0.948712,
	"duration":	7.100000,
	"mlConst":	0.000000,
	"clConst":	0.000000
},
{
	"iterTerminate":	4.000000,
	"cost":	100.516365,
	"reachLocalMinimal":	1.000000,
	"nConstraintOriginal":	384.000000,
	"nConstraintDeduced":	6408.000000,
	"nMLStart":	4074.000000,
	"nCLStart":	8510.000000,
	"nMLViolation":	0.000000,
	"nCLViolation":	0.200000,
	"vMeasure":	0.970172,
	"duration":	8.000000,
	"mlConst":	0.000000,
	"clConst":	0.000000
},
{
	"iterTerminate":	4.000000,
	"cost":	100.228470,
	"reachLocalMinimal":	1.000000,
	"nConstraintOriginal":	486.000000,
	"nConstraintDeduced":	9288.000000,
	"nMLStart":	5946.000000,
	"nCLStart":	12218.000000,
	"nMLViolation":	0.000000,
	"nCLViolation":	0.000000,
	"vMeasure":	0.940507,
	"duration":	11.000000,
	"mlConst":	0.000000,
	"clConst":	0.000000
},
{
	"iterTerminate":	3.100000,
	"cost":	100.517097,
	"reachLocalMinimal":	1.000000,
	"nConstraintOriginal":	600.000000,
	"nConstraintDeduced":	9211.000000,
	"nMLStart":	5864.000000,
	"nCLStart":	12080.000000,
	"nMLViolation":	0.000000,
	"nCLViolation":	0.000000,
	"vMeasure":	1.000000,
	"duration":	9.600000,
	"mlConst":	0.000000,
	"clConst":	0.000000
},
{
	"iterTerminate":	3.000000,
	"cost":	100.517097,
	"reachLocalMinimal":	1.000000,
	"nConstraintOriginal":	726.000000,
	"nConstraintDeduced":	10374.000000,
	"nMLStart":	6582.000000,
	"nCLStart":	13548.000000,
	"nMLViolation":	0.000000,
	"nCLViolation":	0.000000,
	"vMeasure":	1.000000,
	"duration":	10.100000,
	"mlConst":	0.000000,
	"clConst":	0.000000
},
{
	"iterTerminate":	3.900000,
	"cost":	100.517097,
	"reachLocalMinimal":	1.000000,
	"nConstraintOriginal":	864.000000,
	"nConstraintDeduced":	11017.000000,
	"nMLStart":	6960.000000,
	"nCLStart":	14216.000000,
	"nMLViolation":	0.000000,
	"nCLViolation":	0.000000,
	"vMeasure":	1.000000,
	"duration":	12.100000,
	"mlConst":	0.000000,
	"clConst":	0.000000
},
{
	"iterTerminate":	4.800000,
	"cost":	107.099014,
	"reachLocalMinimal":	1.000000,
	"nConstraintOriginal":	96.000000,
	"nConstraintDeduced":	793.000000,
	"nMLStart":	640.000000,
	"nCLStart":	938.000000,
	"nMLViolation":	0.000000,
	"nCLViolation":	3.000000,
	"vMeasure":	0.751912,
	"duration":	2.800000,
	"mlConst":	0.000000,
	"clConst":	0.000000
}
]