[
{
	"iterTerminate":	12.400000,
	"cost":	13157.229492,
	"reachLocalMinimal":	1.000000,
	"nConstraintOriginal":	1021.000000,
	"nConstraintDeduced":	4029.000000,
	"nMLStart":	1412.000000,
	"nCLStart":	6642.000000,
	"nMLViolation":	56.400002,
	"nCLViolation":	24.600000,
	"vMeasure":	0.415324,
	"duration":	2296.800049,
	"mlConst":	0.000000,
	"clConst":	0.000000
},
{
	"iterTerminate":	7.000000,
	"cost":	13211.573242,
	"reachLocalMinimal":	1.000000,
	"nConstraintOriginal":	1036.000000,
	"nConstraintDeduced":	5868.000000,
	"nMLStart":	2296.000000,
	"nCLStart":	9434.000000,
	"nMLViolation":	26.400000,
	"nCLViolation":	27.600000,
	"vMeasure":	0.455059,
	"duration":	1361.300049,
	"mlConst":	0.000000,
	"clConst":	0.000000
},
{
	"iterTerminate":	9.200000,
	"cost":	13074.147461,
	"reachLocalMinimal":	1.000000,
	"nConstraintOriginal":	1046.000000,
	"nConstraintDeduced":	3707.000000,
	"nMLStart":	1354.000000,
	"nCLStart":	6056.000000,
	"nMLViolation":	80.000000,
	"nCLViolation":	13.800000,
	"vMeasure":	0.407642,
	"duration":	1721.300049,
	"mlConst":	0.000000,
	"clConst":	0.000000
},
{
	"iterTerminate":	8.400000,
	"cost":	13181.255859,
	"reachLocalMinimal":	1.000000,
	"nConstraintOriginal":	1176.000000,
	"nConstraintDeduced":	14670.000000,
	"nMLStart":	4242.000000,
	"nCLStart":	25094.000000,
	"nMLViolation":	34.000000,
	"nCLViolation":	34.599998,
	"vMeasure":	0.526528,
	"duration":	1645.599976,
	"mlConst":	0.000000,
	"clConst":	0.000000
},
{
	"iterTerminate":	7.400000,
	"cost":	13150.923828,
	"reachLocalMinimal":	1.000000,
	"nConstraintOriginal":	1207.000000,
	"nConstraintDeduced":	5782.000000,
	"nMLStart":	1852.000000,
	"nCLStart":	9704.000000,
	"nMLViolation":	38.000000,
	"nCLViolation":	41.000000,
	"vMeasure":	0.493329,
	"duration":	1412.599976,
	"mlConst":	0.000000,
	"clConst":	0.000000
},
{
	"iterTerminate":	12.300000,
	"cost":	13042.304688,
	"reachLocalMinimal":	1.000000,
	"nConstraintOriginal":	122.000000,
	"nConstraintDeduced":	130.000000,
	"nMLStart":	108.000000,
	"nCLStart":	152.000000,
	"nMLViolation":	13.200000,
	"nCLViolation":	6.000000,
	"vMeasure":	0.398088,
	"duration":	2250.600098,
	"mlConst":	0.000000,
	"clConst":	0.000000
},
{
	"iterTerminate":	11.400000,
	"cost":	13254.960938,
	"reachLocalMinimal":	1.000000,
	"nConstraintOriginal":	1323.000000,
	"nConstraintDeduced":	22742.000000,
	"nMLStart":	4884.000000,
	"nCLStart":	40594.000000,
	"nMLViolation":	26.000000,
	"nCLViolation":	19.799999,
	"vMeasure":	0.481667,
	"duration":	2192.399902,
	"mlConst":	0.000000,
	"clConst":	0.000000
},
{
	"iterTerminate":	10.100000,
	"cost":	13260.658203,
	"reachLocalMinimal":	1.000000,
	"nConstraintOriginal":	1350.000000,
	"nConstraintDeduced":	8963.000000,
	"nMLStart":	2286.000000,
	"nCLStart":	15634.000000,
	"nMLViolation":	21.600000,
	"nCLViolation":	28.799999,
	"vMeasure":	0.441877,
	"duration":	1910.699951,
	"mlConst":	0.000000,
	"clConst":	0.000000
},
{
	"iterTerminate":	10.100000,
	"cost":	13206.218750,
	"reachLocalMinimal":	1.000000,
	"nConstraintOriginal":	1377.000000,
	"nConstraintDeduced":	13326.000000,
	"nMLStart":	3084.000000,
	"nCLStart":	23558.000000,
	"nMLViolation":	22.600000,
	"nCLViolation":	33.400002,
	"vMeasure":	0.491015,
	"duration":	1913.699951,
	"mlConst":	0.000000,
	"clConst":	0.000000
},
{
	"iterTerminate":	13.400000,
	"cost":	12968.820312,
	"reachLocalMinimal":	1.000000,
	"nConstraintOriginal":	153.000000,
	"nConstraintDeduced":	158.000000,
	"nMLStart":	94.000000,
	"nCLStart":	220.000000,
	"nMLViolation":	14.600000,
	"nCLViolation":	0.800000,
	"vMeasure":	0.408856,
	"duration":	2420.399902,
	"mlConst":	0.000000,
	"clConst":	0.000000
},
{
	"iterTerminate":	7.200000,
	"cost":	13268.708984,
	"reachLocalMinimal":	1.000000,
	"nConstraintOriginal":	1570.000000,
	"nConstraintDeduced":	40459.000000,
	"nMLStart":	6918.000000,
	"nCLStart":	73996.000000,
	"nMLViolation":	24.600000,
	"nCLViolation":	55.000000,
	"vMeasure":	0.471008,
	"duration":	1524.900024,
	"mlConst":	0.000000,
	"clConst":	0.000000
},
{
	"iterTerminate":	7.600000,
	"cost":	13315.642578,
	"reachLocalMinimal":	1.000000,
	"nConstraintOriginal":	1644.000000,
	"nConstraintDeduced":	46146.000000,
	"nMLStart":	8278.000000,
	"nCLStart":	84006.000000,
	"nMLViolation":	11.200000,
	"nCLViolation":	65.199997,
	"vMeasure":	0.519337,
	"duration":	1646.500000,
	"mlConst":	0.000000,
	"clConst":	0.000000
},
{
	"iterTerminate":	7.100000,
	"cost":	13245.439453,
	"reachLocalMinimal":	1.000000,
	"nConstraintOriginal":	1697.000000,
	"nConstraintDeduced":	46756.000000,
	"nMLStart":	8470.000000,
	"nCLStart":	85032.000000,
	"nMLViolation":	15.400000,
	"nCLViolation":	48.400002,
	"vMeasure":	0.551920,
	"duration":	1537.699951,
	"mlConst":	0.000000,
	"clConst":	0.000000
},
{
	"iterTerminate":	18.400000,
	"cost":	12908.493164,
	"reachLocalMinimal":	1.000000,
	"nConstraintOriginal":	171.000000,
	"nConstraintDeduced":	184.000000,
	"nMLStart":	104.000000,
	"nCLStart":	264.000000,
	"nMLViolation":	16.799999,
	"nCLViolation":	5.800000,
	"vMeasure":	0.389992,
	"duration":	3344.600098,
	"mlConst":	0.000000,
	"clConst":	0.000000
},
{
	"iterTerminate":	6.000000,
	"cost":	13219.315430,
	"reachLocalMinimal":	1.000000,
	"nConstraintOriginal":	1735.000000,
	"nConstraintDeduced":	63758.000000,
	"nMLStart":	9848.000000,
	"nCLStart":	117658.000000,
	"nMLViolation":	9.000000,
	"nCLViolation":	29.400000,
	"vMeasure":	0.621706,
	"duration":	1431.500000,
	"mlConst":	0.000000,
	"clConst":	0.000000
},
{
	"iterTerminate":	5.800000,
	"cost":	13459.804688,
	"reachLocalMinimal":	1.000000,
	"nConstraintOriginal":	1787.000000,
	"nConstraintDeduced":	59760.000000,
	"nMLStart":	8882.000000,
	"nCLStart":	110616.000000,
	"nMLViolation":	15.400000,
	"nCLViolation":	272.200012,
	"vMeasure":	0.542665,
	"duration":	1361.599976,
	"mlConst":	0.000000,
	"clConst":	0.000000
},
{
	"iterTerminate":	6.600000,
	"cost":	13363.833984,
	"reachLocalMinimal":	1.000000,
	"nConstraintOriginal":	1804.000000,
	"nConstraintDeduced":	67086.000000,
	"nMLStart":	9764.000000,
	"nCLStart":	124400.000000,
	"nMLViolation":	13.800000,
	"nCLViolation":	122.599998,
	"vMeasure":	0.539194,
	"duration":	1544.400024,
	"mlConst":	0.000000,
	"clConst":	0.000000
},
{
	"iterTerminate":	5.200000,
	"cost":	13271.739258,
	"reachLocalMinimal":	1.000000,
	"nConstraintOriginal":	1844.000000,
	"nConstraintDeduced":	58091.000000,
	"nMLStart":	10510.000000,
	"nCLStart":	105662.000000,
	"nMLViolation":	14.800000,
	"nCLViolation":	67.800003,
	"vMeasure":	0.497564,
	"duration":	1239.699951,
	"mlConst":	0.000000,
	"clConst":	0.000000
},
{
	"iterTerminate":	7.500000,
	"cost":	13260.244141,
	"reachLocalMinimal":	1.000000,
	"nConstraintOriginal":	1848.000000,
	"nConstraintDeduced":	103241.000000,
	"nMLStart":	16500.000000,
	"nCLStart":	189972.000000,
	"nMLViolation":	9.200000,
	"nCLViolation":	40.799999,
	"vMeasure":	0.618596,
	"duration":	1998.199951,
	"mlConst":	0.000000,
	"clConst":	0.000000
},
{
	"iterTerminate":	8.600000,
	"cost":	13322.956055,
	"reachLocalMinimal":	1.000000,
	"nConstraintOriginal":	1910.000000,
	"nConstraintDeduced":	84917.000000,
	"nMLStart":	12984.000000,
	"nCLStart":	156838.000000,
	"nMLViolation":	20.000000,
	"nCLViolation":	28.799999,
	"vMeasure":	0.537147,
	"duration":	2166.899902,
	"mlConst":	0.000000,
	"clConst":	0.000000
},
{
	"iterTerminate":	7.900000,
	"cost":	13323.807617,
	"reachLocalMinimal":	1.000000,
	"nConstraintOriginal":	1973.000000,
	"nConstraintDeduced":	88088.000000,
	"nMLStart":	12362.000000,
	"nCLStart":	163806.000000,
	"nMLViolation":	11.000000,
	"nCLViolation":	83.199997,
	"vMeasure":	0.542843,
	"duration":	2008.300049,
	"mlConst":	0.000000,
	"clConst":	0.000000
},
{
	"iterTerminate":	7.300000,
	"cost":	13745.856445,
	"reachLocalMinimal":	1.000000,
	"nConstraintOriginal":	2030.000000,
	"nConstraintDeduced":	124302.000000,
	"nMLStart":	17512.000000,
	"nCLStart":	231078.000000,
	"nMLViolation":	14.400000,
	"nCLViolation":	369.200012,
	"vMeasure":	0.582034,
	"duration":	2087.600098,
	"mlConst":	0.000000,
	"clConst":	0.000000
},
{
	"iterTerminate":	8.200000,
	"cost":	13346.684570,
	"reachLocalMinimal":	1.000000,
	"nConstraintOriginal":	2146.000000,
	"nConstraintDeduced":	129955.000000,
	"nMLStart":	17304.000000,
	"nCLStart":	242596.000000,
	"nMLViolation":	5.400000,
	"nCLViolation":	134.199997,
	"vMeasure":	0.663642,
	"duration":	2441.000000,
	"mlConst":	0.000000,
	"clConst":	0.000000
},
{
	"iterTerminate":	16.799999,
	"cost":	12985.111328,
	"reachLocalMinimal":	1.000000,
	"nConstraintOriginal":	214.000000,
	"nConstraintDeduced":	229.000000,
	"nMLStart":	152.000000,
	"nCLStart":	302.000000,
	"nMLViolation":	30.200001,
	"nCLViolation":	13.200000,
	"vMeasure":	0.351209,
	"duration":	3032.800049,
	"mlConst":	0.000000,
	"clConst":	0.000000
},
{
	"iterTerminate":	9.000000,
	"cost":	13307.054688,
	"reachLocalMinimal":	1.000000,
	"nConstraintOriginal":	2203.000000,
	"nConstraintDeduced":	155570.000000,
	"nMLStart":	22872.000000,
	"nCLStart":	288258.000000,
	"nMLViolation":	3.800000,
	"nCLViolation":	18.600000,
	"vMeasure":	0.666809,
	"duration":	2809.199951,
	"mlConst":	0.000000,
	"clConst":	0.000000
},
{
	"iterTerminate":	19.000000,
	"cost":	12979.884766,
	"reachLocalMinimal":	1.000000,
	"nConstraintOriginal":	225.000000,
	"nConstraintDeduced":	248.000000,
	"nMLStart":	160.000000,
	"nCLStart":	336.000000,
	"nMLViolation":	19.400000,
	"nCLViolation":	8.000000,
	"vMeasure":	0.361996,
	"duration":	3480.500000,
	"mlConst":	0.000000,
	"clConst":	0.000000
},
{
	"iterTerminate":	7.200000,
	"cost":	13667.431641,
	"reachLocalMinimal":	1.000000,
	"nConstraintOriginal":	2273.000000,
	"nConstraintDeduced":	186180.000000,
	"nMLStart":	28986.000000,
	"nCLStart":	343366.000000,
	"nMLViolation":	2.200000,
	"nCLViolation":	572.799988,
	"vMeasure":	0.723839,
	"duration":	2435.699951,
	"mlConst":	0.000000,
	"clConst":	0.000000
},
{
	"iterTerminate":	8.000000,
	"cost":	13399.815430,
	"reachLocalMinimal":	1.000000,
	"nConstraintOriginal":	2288.000000,
	"nConstraintDeduced":	181143.000000,
	"nMLStart":	25806.000000,
	"nCLStart":	336472.000000,
	"nMLViolation":	6.800000,
	"nCLViolation":	171.800003,
	"vMeasure":	0.738630,
	"duration":	2687.600098,
	"mlConst":	0.000000,
	"clConst":	0.000000
},
{
	"iterTerminate":	15.000000,
	"cost":	13004.029297,
	"reachLocalMinimal":	1.000000,
	"nConstraintOriginal":	234.000000,
	"nConstraintDeduced":	253.000000,
	"nMLStart":	144.000000,
	"nCLStart":	358.000000,
	"nMLViolation":	17.600000,
	"nCLViolation":	8.800000,
	"vMeasure":	0.393312,
	"duration":	2699.899902,
	"mlConst":	0.000000,
	"clConst":	0.000000
},
{
	"iterTerminate":	6.400000,
	"cost":	13581.076172,
	"reachLocalMinimal":	1.000000,
	"nConstraintOriginal":	2390.000000,
	"nConstraintDeduced":	217502.000000,
	"nMLStart":	35388.000000,
	"nCLStart":	399600.000000,
	"nMLViolation":	10.200000,
	"nCLViolation":	481.000000,
	"vMeasure":	0.737574,
	"duration":	2349.699951,
	"mlConst":	0.000000,
	"clConst":	0.000000
},
{
	"iterTerminate":	7.500000,
	"cost":	13238.482422,
	"reachLocalMinimal":	1.000000,
	"nConstraintOriginal":	2476.000000,
	"nConstraintDeduced":	226694.000000,
	"nMLStart":	35422.000000,
	"nCLStart":	417948.000000,
	"nMLViolation":	5.600000,
	"nCLViolation":	6.600000,
	"vMeasure":	0.775511,
	"duration":	2766.000000,
	"mlConst":	0.000000,
	"clConst":	0.000000
},
{
	"iterTerminate":	19.500000,
	"cost":	12995.187500,
	"reachLocalMinimal":	1.000000,
	"nConstraintOriginal":	249.000000,
	"nConstraintDeduced":	268.000000,
	"nMLStart":	196.000000,
	"nCLStart":	340.000000,
	"nMLViolation":	26.000000,
	"nCLViolation":	3.000000,
	"vMeasure":	0.372680,
	"duration":	3471.500000,
	"mlConst":	0.000000,
	"clConst":	0.000000
},
{
	"iterTerminate":	8.400000,
	"cost":	13254.497070,
	"reachLocalMinimal":	1.000000,
	"nConstraintOriginal":	2583.000000,
	"nConstraintDeduced":	224613.000000,
	"nMLStart":	34260.000000,
	"nCLStart":	414954.000000,
	"nMLViolation":	7.000000,
	"nCLViolation":	11.200000,
	"vMeasure":	0.771619,
	"duration":	3042.100098,
	"mlConst":	0.000000,
	"clConst":	0.000000
},
{
	"iterTerminate":	10.200000,
	"cost":	12995.112305,
	"reachLocalMinimal":	1.000000,
	"nConstraintOriginal":	260.000000,
	"nConstraintDeduced":	272.000000,
	"nMLStart":	150.000000,
	"nCLStart":	392.000000,
	"nMLViolation":	31.799999,
	"nCLViolation":	8.400000,
	"vMeasure":	0.353605,
	"duration":	1855.400024,
	"mlConst":	0.000000,
	"clConst":	0.000000
},
{
	"iterTerminate":	10.800000,
	"cost":	12942.066406,
	"reachLocalMinimal":	1.000000,
	"nConstraintOriginal":	275.000000,
	"nConstraintDeduced":	331.000000,
	"nMLStart":	244.000000,
	"nCLStart":	418.000000,
	"nMLViolation":	26.600000,
	"nCLViolation":	21.000000,
	"vMeasure":	0.369597,
	"duration":	1966.099976,
	"mlConst":	0.000000,
	"clConst":	0.000000
},
{
	"iterTerminate":	6.800000,
	"cost":	21114.332031,
	"reachLocalMinimal":	1.000000,
	"nConstraintOriginal":	2765.000000,
	"nConstraintDeduced":	271242.000000,
	"nMLStart":	44404.000000,
	"nCLStart":	498062.000000,
	"nMLViolation":	211.800003,
	"nCLViolation":	420.399994,
	"vMeasure":	0.791898,
	"duration":	2644.899902,
	"mlConst":	0.000000,
	"clConst":	0.000000
},
{
	"iterTerminate":	7.200000,
	"cost":	13226.018555,
	"reachLocalMinimal":	1.000000,
	"nConstraintOriginal":	2817.000000,
	"nConstraintDeduced":	278151.000000,
	"nMLStart":	45924.000000,
	"nCLStart":	510366.000000,
	"nMLViolation":	5.800000,
	"nCLViolation":	3.600000,
	"vMeasure":	0.838556,
	"duration":	2809.199951,
	"mlConst":	0.000000,
	"clConst":	0.000000
},
{
	"iterTerminate":	6.400000,
	"cost":	18479.025391,
	"reachLocalMinimal":	1.000000,
	"nConstraintOriginal":	2848.000000,
	"nConstraintDeduced":	295103.000000,
	"nMLStart":	50688.000000,
	"nCLStart":	539510.000000,
	"nMLViolation":	235.199997,
	"nCLViolation":	498.000000,
	"vMeasure":	0.831142,
	"duration":	2625.500000,
	"mlConst":	0.000000,
	"clConst":	0.000000
},
{
	"iterTerminate":	7.200000,
	"cost":	13230.520508,
	"reachLocalMinimal":	1.000000,
	"nConstraintOriginal":	2904.000000,
	"nConstraintDeduced":	294720.000000,
	"nMLStart":	47554.000000,
	"nCLStart":	541858.000000,
	"nMLViolation":	2.800000,
	"nCLViolation":	8.800000,
	"vMeasure":	0.845630,
	"duration":	2914.699951,
	"mlConst":	0.000000,
	"clConst":	0.000000
},
{
	"iterTerminate":	7.200000,
	"cost":	13214.408203,
	"reachLocalMinimal":	1.000000,
	"nConstraintOriginal":	2938.000000,
	"nConstraintDeduced":	311807.000000,
	"nMLStart":	53050.000000,
	"nCLStart":	570546.000000,
	"nMLViolation":	0.400000,
	"nCLViolation":	12.000000,
	"vMeasure":	0.864366,
	"duration":	3046.100098,
	"mlConst":	0.000000,
	"clConst":	0.000000
},
{
	"iterTerminate":	15.200000,
	"cost":	12984.646484,
	"reachLocalMinimal":	1.000000,
	"nConstraintOriginal":	296.000000,
	"nConstraintDeduced":	340.000000,
	"nMLStart":	226.000000,
	"nCLStart":	452.000000,
	"nMLViolation":	37.599998,
	"nCLViolation":	12.000000,
	"vMeasure":	0.362916,
	"duration":	2719.100098,
	"mlConst":	0.000000,
	"clConst":	0.000000
},
{
	"iterTerminate":	5.800000,
	"cost":	55355.968750,
	"reachLocalMinimal":	1.000000,
	"nConstraintOriginal":	3166.000000,
	"nConstraintDeduced":	328495.000000,
	"nMLStart":	56070.000000,
	"nCLStart":	600894.000000,
	"nMLViolation":	1669.599976,
	"nCLViolation":	2349.199951,
	"vMeasure":	0.815747,
	"duration":	2602.300049,
	"mlConst":	0.000000,
	"clConst":	0.000000
},
{
	"iterTerminate":	9.600000,
	"cost":	12991.524414,
	"reachLocalMinimal":	1.000000,
	"nConstraintOriginal":	323.000000,
	"nConstraintDeduced":	363.000000,
	"nMLStart":	246.000000,
	"nCLStart":	472.000000,
	"nMLViolation":	38.400002,
	"nCLViolation":	21.600000,
	"vMeasure":	0.369159,
	"duration":	1752.599976,
	"mlConst":	0.000000,
	"clConst":	0.000000
},
{
	"iterTerminate":	7.900000,
	"cost":	13211.000000,
	"reachLocalMinimal":	1.000000,
	"nConstraintOriginal":	3281.000000,
	"nConstraintDeduced":	325133.000000,
	"nMLStart":	54612.000000,
	"nCLStart":	595636.000000,
	"nMLViolation":	4.800000,
	"nCLViolation":	6.800000,
	"vMeasure":	0.907575,
	"duration":	3310.199951,
	"mlConst":	0.000000,
	"clConst":	0.000000
},
{
	"iterTerminate":	5.900000,
	"cost":	18428.472656,
	"reachLocalMinimal":	1.000000,
	"nConstraintOriginal":	3343.000000,
	"nConstraintDeduced":	368141.000000,
	"nMLStart":	69596.000000,
	"nCLStart":	666668.000000,
	"nMLViolation":	306.799988,
	"nCLViolation":	645.599976,
	"vMeasure":	0.899014,
	"duration":	2792.399902,
	"mlConst":	0.000000,
	"clConst":	0.000000
},
{
	"iterTerminate":	6.000000,
	"cost":	31694.728516,
	"reachLocalMinimal":	1.000000,
	"nConstraintOriginal":	3484.000000,
	"nConstraintDeduced":	384017.000000,
	"nMLStart":	72506.000000,
	"nCLStart":	695512.000000,
	"nMLViolation":	1556.000000,
	"nCLViolation":	2178.600098,
	"vMeasure":	0.878898,
	"duration":	2947.800049,
	"mlConst":	0.000000,
	"clConst":	0.000000
},
{
	"iterTerminate":	6.666667,
	"cost":	13213.698242,
	"reachLocalMinimal":	1.000000,
	"nConstraintOriginal":	3502.000000,
	"nConstraintDeduced":	353772.000000,
	"nMLStart":	65138.000000,
	"nCLStart":	642380.000000,
	"nMLViolation":	3.555556,
	"nCLViolation":	2.444444,
	"vMeasure":	0.900057,
	"duration":	3034.444336,
	"mlConst":	0.000000,
	"clConst":	0.000000
},
{
	"iterTerminate":	5.300000,
	"cost":	20697.863281,
	"reachLocalMinimal":	1.000000,
	"nConstraintOriginal":	3561.000000,
	"nConstraintDeduced":	384069.000000,
	"nMLStart":	72470.000000,
	"nCLStart":	695646.000000,
	"nMLViolation":	832.599976,
	"nCLViolation":	1337.400024,
	"vMeasure":	0.881862,
	"duration":	2660.100098,
	"mlConst":	0.000000,
	"clConst":	0.000000
},
{
	"iterTerminate":	6.300000,
	"cost":	13225.682617,
	"reachLocalMinimal":	1.000000,
	"nConstraintOriginal":	3653.000000,
	"nConstraintDeduced":	393792.000000,
	"nMLStart":	73226.000000,
	"nCLStart":	714336.000000,
	"nMLViolation":	0.000000,
	"nCLViolation":	3.200000,
	"vMeasure":	0.934666,
	"duration":	3107.699951,
	"mlConst":	0.000000,
	"clConst":	0.000000
},
{
	"iterTerminate":	12.400000,
	"cost":	12998.208984,
	"reachLocalMinimal":	1.000000,
	"nConstraintOriginal":	369.000000,
	"nConstraintDeduced":	437.000000,
	"nMLStart":	258.000000,
	"nCLStart":	608.000000,
	"nMLViolation":	21.400000,
	"nCLViolation":	13.400000,
	"vMeasure":	0.360667,
	"duration":	2244.000000,
	"mlConst":	0.000000,
	"clConst":	0.000000
},
{
	"iterTerminate":	16.500000,
	"cost":	13043.423828,
	"reachLocalMinimal":	1.000000,
	"nConstraintOriginal":	372.000000,
	"nConstraintDeduced":	494.000000,
	"nMLStart":	398.000000,
	"nCLStart":	590.000000,
	"nMLViolation":	32.799999,
	"nCLViolation":	9.200000,
	"vMeasure":	0.364439,
	"duration":	3003.899902,
	"mlConst":	0.000000,
	"clConst":	0.000000
},
{
	"iterTerminate":	6.600000,
	"cost":	17800.927734,
	"reachLocalMinimal":	1.000000,
	"nConstraintOriginal":	3835.000000,
	"nConstraintDeduced":	376640.000000,
	"nMLStart":	69618.000000,
	"nCLStart":	683638.000000,
	"nMLViolation":	900.200012,
	"nCLViolation":	1296.599976,
	"vMeasure":	0.910951,
	"duration":	3175.899902,
	"mlConst":	0.000000,
	"clConst":	0.000000
},
{
	"iterTerminate":	6.000000,
	"cost":	20602.728516,
	"reachLocalMinimal":	1.000000,
	"nConstraintOriginal":	3940.000000,
	"nConstraintDeduced":	404062.000000,
	"nMLStart":	76418.000000,
	"nCLStart":	731682.000000,
	"nMLViolation":	330.799988,
	"nCLViolation":	737.400024,
	"vMeasure":	0.915597,
	"duration":	3030.699951,
	"mlConst":	0.000000,
	"clConst":	0.000000
},
{
	"iterTerminate":	6.000000,
	"cost":	13221.469727,
	"reachLocalMinimal":	1.000000,
	"nConstraintOriginal":	4011.000000,
	"nConstraintDeduced":	412298.000000,
	"nMLStart":	80142.000000,
	"nCLStart":	744420.000000,
	"nMLViolation":	0.000000,
	"nCLViolation":	4.000000,
	"vMeasure":	0.949894,
	"duration":	3132.666748,
	"mlConst":	0.000000,
	"clConst":	0.000000
},
{
	"iterTerminate":	6.300000,
	"cost":	13216.892578,
	"reachLocalMinimal":	1.000000,
	"nConstraintOriginal":	4135.000000,
	"nConstraintDeduced":	410131.000000,
	"nMLStart":	77270.000000,
	"nCLStart":	742962.000000,
	"nMLViolation":	0.000000,
	"nCLViolation":	6.000000,
	"vMeasure":	0.942743,
	"duration":	3227.199951,
	"mlConst":	0.000000,
	"clConst":	0.000000
},
{
	"iterTerminate":	6.111111,
	"cost":	13218.183594,
	"reachLocalMinimal":	1.000000,
	"nConstraintOriginal":	4157.000000,
	"nConstraintDeduced":	413462.000000,
	"nMLStart":	78718.000000,
	"nCLStart":	748178.000000,
	"nMLViolation":	2.000000,
	"nCLViolation":	7.111111,
	"vMeasure":	0.951501,
	"duration":	3129.222168,
	"mlConst":	0.000000,
	"clConst":	0.000000
},
{
	"iterTerminate":	10.000000,
	"cost":	13085.338867,
	"reachLocalMinimal":	1.000000,
	"nConstraintOriginal":	420.000000,
	"nConstraintDeduced":	534.000000,
	"nMLStart":	364.000000,
	"nCLStart":	704.000000,
	"nMLViolation":	36.000000,
	"nCLViolation":	28.600000,
	"vMeasure":	0.345618,
	"duration":	1841.800049,
	"mlConst":	0.000000,
	"clConst":	0.000000
},
{
	"iterTerminate":	5.625000,
	"cost":	13217.785156,
	"reachLocalMinimal":	1.000000,
	"nConstraintOriginal":	4331.000000,
	"nConstraintDeduced":	419514.000000,
	"nMLStart":	80244.000000,
	"nCLStart":	758752.000000,
	"nMLViolation":	0.000000,
	"nCLViolation":	2.000000,
	"vMeasure":	0.943770,
	"duration":	2965.250000,
	"mlConst":	0.000000,
	"clConst":	0.000000
},
{
	"iterTerminate":	5.333333,
	"cost":	13221.023438,
	"reachLocalMinimal":	1.000000,
	"nConstraintOriginal":	4486.000000,
	"nConstraintDeduced":	435106.000000,
	"nMLStart":	84080.000000,
	"nCLStart":	786106.000000,
	"nMLViolation":	2.000000,
	"nCLViolation":	0.000000,
	"vMeasure":	0.966748,
	"duration":	2937.111084,
	"mlConst":	0.000000,
	"clConst":	0.000000
},
{
	"iterTerminate":	11.800000,
	"cost":	12962.912109,
	"reachLocalMinimal":	1.000000,
	"nConstraintOriginal":	448.000000,
	"nConstraintDeduced":	564.000000,
	"nMLStart":	364.000000,
	"nCLStart":	758.000000,
	"nMLViolation":	24.200001,
	"nCLViolation":	17.600000,
	"vMeasure":	0.405961,
	"duration":	2147.800049,
	"mlConst":	0.000000,
	"clConst":	0.000000
},
{
	"iterTerminate":	5.428571,
	"cost":	13221.229492,
	"reachLocalMinimal":	1.000000,
	"nConstraintOriginal":	4532.000000,
	"nConstraintDeduced":	421931.000000,
	"nMLStart":	79172.000000,
	"nCLStart":	764662.000000,
	"nMLViolation":	0.000000,
	"nCLViolation":	3.714286,
	"vMeasure":	0.933259,
	"duration":	2922.000000,
	"mlConst":	0.000000,
	"clConst":	0.000000
},
{
	"iterTerminate":	5.100000,
	"cost":	23601.566406,
	"reachLocalMinimal":	1.000000,
	"nConstraintOriginal":	4632.000000,
	"nConstraintDeduced":	440140.000000,
	"nMLStart":	86668.000000,
	"nCLStart":	793588.000000,
	"nMLViolation":	468.000000,
	"nCLViolation":	791.599976,
	"vMeasure":	0.953406,
	"duration":	2814.600098,
	"mlConst":	0.000000,
	"clConst":	0.000000
},
{
	"iterTerminate":	5.666667,
	"cost":	24802.978516,
	"reachLocalMinimal":	1.000000,
	"nConstraintOriginal":	4720.000000,
	"nConstraintDeduced":	441446.000000,
	"nMLStart":	85606.000000,
	"nCLStart":	797258.000000,
	"nMLViolation":	423.111115,
	"nCLViolation":	905.111084,
	"vMeasure":	0.947436,
	"duration":	3091.222168,
	"mlConst":	0.000000,
	"clConst":	0.000000
},
{
	"iterTerminate":	11.000000,
	"cost":	13135.705078,
	"reachLocalMinimal":	1.000000,
	"nConstraintOriginal":	483.000000,
	"nConstraintDeduced":	651.000000,
	"nMLStart":	426.000000,
	"nCLStart":	874.000000,
	"nMLViolation":	18.799999,
	"nCLViolation":	10.400000,
	"vMeasure":	0.326662,
	"duration":	2006.400024,
	"mlConst":	0.000000,
	"clConst":	0.000000
},
{
	"iterTerminate":	5.200000,
	"cost":	26700.880859,
	"reachLocalMinimal":	1.000000,
	"nConstraintOriginal":	4896.000000,
	"nConstraintDeduced":	439630.000000,
	"nMLStart":	84622.000000,
	"nCLStart":	794604.000000,
	"nMLViolation":	934.599976,
	"nCLViolation":	1676.800049,
	"vMeasure":	0.950218,
	"duration":	2858.399902,
	"mlConst":	0.000000,
	"clConst":	0.000000
},
{
	"iterTerminate":	6.400000,
	"cost":	13217.486328,
	"reachLocalMinimal":	1.000000,
	"nConstraintOriginal":	4915.000000,
	"nConstraintDeduced":	439524.000000,
	"nMLStart":	84794.000000,
	"nCLStart":	794218.000000,
	"nMLViolation":	0.000000,
	"nCLViolation":	11.200000,
	"vMeasure":	0.967216,
	"duration":	3605.899902,
	"mlConst":	0.000000,
	"clConst":	0.000000
},
{
	"iterTerminate":	5.571429,
	"cost":	38902.195312,
	"reachLocalMinimal":	1.000000,
	"nConstraintOriginal":	4979.000000,
	"nConstraintDeduced":	443204.000000,
	"nMLStart":	86054.000000,
	"nCLStart":	800326.000000,
	"nMLViolation":	1306.857178,
	"nCLViolation":	2287.142822,
	"vMeasure":	0.945306,
	"duration":	3270.857178,
	"mlConst":	0.000000,
	"clConst":	0.000000
},
{
	"iterTerminate":	5.500000,
	"cost":	13228.240234,
	"reachLocalMinimal":	1.000000,
	"nConstraintOriginal":	4980.000000,
	"nConstraintDeduced":	445716.000000,
	"nMLStart":	86158.000000,
	"nCLStart":	805248.000000,
	"nMLViolation":	0.000000,
	"nCLViolation":	0.000000,
	"vMeasure":	0.967015,
	"duration":	3269.500000,
	"mlConst":	0.000000,
	"clConst":	0.000000
},
{
	"iterTerminate":	6.000000,
	"cost":	13224.691406,
	"reachLocalMinimal":	1.000000,
	"nConstraintOriginal":	5208.000000,
	"nConstraintDeduced":	458017.000000,
	"nMLStart":	89576.000000,
	"nCLStart":	826416.000000,
	"nMLViolation":	0.000000,
	"nCLViolation":	4.000000,
	"vMeasure":	0.983370,
	"duration":	3531.166748,
	"mlConst":	0.000000,
	"clConst":	0.000000
},
{
	"iterTerminate":	5.000000,
	"cost":	25776.052734,
	"reachLocalMinimal":	1.000000,
	"nConstraintOriginal":	5226.000000,
	"nConstraintDeduced":	455048.000000,
	"nMLStart":	89192.000000,
	"nCLStart":	820882.000000,
	"nMLViolation":	810.000000,
	"nCLViolation":	1696.800049,
	"vMeasure":	0.958174,
	"duration":	3011.600098,
	"mlConst":	0.000000,
	"clConst":	0.000000
},
{
	"iterTerminate":	12.000000,
	"cost":	13084.396484,
	"reachLocalMinimal":	1.000000,
	"nConstraintOriginal":	532.000000,
	"nConstraintDeduced":	760.000000,
	"nMLStart":	510.000000,
	"nCLStart":	1006.000000,
	"nMLViolation":	14.800000,
	"nCLViolation":	22.799999,
	"vMeasure":	0.439746,
	"duration":	2178.800049,
	"mlConst":	0.000000,
	"clConst":	0.000000
},
{
	"iterTerminate":	5.000000,
	"cost":	13223.728516,
	"reachLocalMinimal":	1.000000,
	"nConstraintOriginal":	5330.000000,
	"nConstraintDeduced":	463378.000000,
	"nMLStart":	90690.000000,
	"nCLStart":	836030.000000,
	"nMLViolation":	0.000000,
	"nCLViolation":	0.000000,
	"vMeasure":	0.973846,
	"duration":	3063.500000,
	"mlConst":	0.000000,
	"clConst":	0.000000
},
{
	"iterTerminate":	4.333333,
	"cost":	27835.318359,
	"reachLocalMinimal":	1.000000,
	"nConstraintOriginal":	5638.000000,
	"nConstraintDeduced":	466527.000000,
	"nMLStart":	92032.000000,
	"nCLStart":	840994.000000,
	"nMLViolation":	1406.000000,
	"nCLViolation":	2224.000000,
	"vMeasure":	0.956783,
	"duration":	2746.333252,
	"mlConst":	0.000000,
	"clConst":	0.000000
},
{
	"iterTerminate":	12.600000,
	"cost":	13007.012695,
	"reachLocalMinimal":	1.000000,
	"nConstraintOriginal":	563.000000,
	"nConstraintDeduced":	863.000000,
	"nMLStart":	496.000000,
	"nCLStart":	1226.000000,
	"nMLViolation":	33.000000,
	"nCLViolation":	18.600000,
	"vMeasure":	0.382737,
	"duration":	2286.699951,
	"mlConst":	0.000000,
	"clConst":	0.000000
},
{
	"iterTerminate":	4.750000,
	"cost":	34896.089844,
	"reachLocalMinimal":	1.000000,
	"nConstraintOriginal":	5742.000000,
	"nConstraintDeduced":	471190.000000,
	"nMLStart":	93328.000000,
	"nCLStart":	849020.000000,
	"nMLViolation":	562.500000,
	"nCLViolation":	1092.750000,
	"vMeasure":	0.970044,
	"duration":	2966.875000,
	"mlConst":	0.000000,
	"clConst":	0.000000
},
{
	"iterTerminate":	12.800000,
	"cost":	13073.643555,
	"reachLocalMinimal":	1.000000,
	"nConstraintOriginal":	577.000000,
	"nConstraintDeduced":	882.000000,
	"nMLStart":	484.000000,
	"nCLStart":	1276.000000,
	"nMLViolation":	46.599998,
	"nCLViolation":	24.600000,
	"vMeasure":	0.402743,
	"duration":	2321.800049,
	"mlConst":	0.000000,
	"clConst":	0.000000
},
{
	"iterTerminate":	5.166667,
	"cost":	34174.308594,
	"reachLocalMinimal":	1.000000,
	"nConstraintOriginal":	5802.000000,
	"nConstraintDeduced":	471342.000000,
	"nMLStart":	91714.000000,
	"nCLStart":	850948.000000,
	"nMLViolation":	782.666687,
	"nCLViolation":	1553.000000,
	"vMeasure":	0.969003,
	"duration":	3210.666748,
	"mlConst":	0.000000,
	"clConst":	0.000000
},
{
	"iterTerminate":	6.000000,
	"cost":	13213.629883,
	"reachLocalMinimal":	1.000000,
	"nConstraintOriginal":	5940.000000,
	"nConstraintDeduced":	461233.000000,
	"nMLStart":	91080.000000,
	"nCLStart":	831346.000000,
	"nMLViolation":	0.000000,
	"nCLViolation":	9.600000,
	"vMeasure":	0.971562,
	"duration":	3564.699951,
	"mlConst":	0.000000,
	"clConst":	0.000000
},
{
	"iterTerminate":	4.714286,
	"cost":	49800.683594,
	"reachLocalMinimal":	1.000000,
	"nConstraintOriginal":	6035.000000,
	"nConstraintDeduced":	473962.000000,
	"nMLStart":	92758.000000,
	"nCLStart":	855132.000000,
	"nMLViolation":	1364.000000,
	"nCLViolation":	2472.285645,
	"vMeasure":	0.962798,
	"duration":	2960.714355,
	"mlConst":	0.000000,
	"clConst":	0.000000
},
{
	"iterTerminate":	4.500000,
	"cost":	26575.521484,
	"reachLocalMinimal":	1.000000,
	"nConstraintOriginal":	6089.000000,
	"nConstraintDeduced":	467689.000000,
	"nMLStart":	92028.000000,
	"nCLStart":	843306.000000,
	"nMLViolation":	834.333313,
	"nCLViolation":	1442.666626,
	"vMeasure":	0.972116,
	"duration":	2831.666748,
	"mlConst":	0.000000,
	"clConst":	0.000000
},
{
	"iterTerminate":	4.000000,
	"cost":	34877.500000,
	"reachLocalMinimal":	1.000000,
	"nConstraintOriginal":	6261.000000,
	"nConstraintDeduced":	471400.000000,
	"nMLStart":	93138.000000,
	"nCLStart":	849626.000000,
	"nMLViolation":	1641.333374,
	"nCLViolation":	2969.333252,
	"vMeasure":	0.959909,
	"duration":	2591.666748,
	"mlConst":	0.000000,
	"clConst":	0.000000
},
{
	"iterTerminate":	14.400000,
	"cost":	13118.298828,
	"reachLocalMinimal":	1.000000,
	"nConstraintOriginal":	626.000000,
	"nConstraintDeduced":	1213.000000,
	"nMLStart":	680.000000,
	"nCLStart":	1742.000000,
	"nMLViolation":	29.600000,
	"nCLViolation":	25.600000,
	"vMeasure":	0.364186,
	"duration":	2595.300049,
	"mlConst":	0.000000,
	"clConst":	0.000000
},
{
	"iterTerminate":	5.400000,
	"cost":	13225.492188,
	"reachLocalMinimal":	1.000000,
	"nConstraintOriginal":	6476.000000,
	"nConstraintDeduced":	470452.000000,
	"nMLStart":	92010.000000,
	"nCLStart":	848854.000000,
	"nMLViolation":	0.000000,
	"nCLViolation":	2.800000,
	"vMeasure":	0.985154,
	"duration":	3293.000000,
	"mlConst":	0.000000,
	"clConst":	0.000000
},
{
	"iterTerminate":	6.000000,
	"cost":	13226.933594,
	"reachLocalMinimal":	1.000000,
	"nConstraintOriginal":	6585.000000,
	"nConstraintDeduced":	487875.000000,
	"nMLStart":	96244.000000,
	"nCLStart":	879462.000000,
	"nMLViolation":	0.000000,
	"nCLViolation":	0.000000,
	"vMeasure":	0.990858,
	"duration":	3691.000000,
	"mlConst":	0.000000,
	"clConst":	0.000000
},
{
	"iterTerminate":	6.500000,
	"cost":	13063.917969,
	"reachLocalMinimal":	1.000000,
	"nConstraintOriginal":	692.000000,
	"nConstraintDeduced":	1459.000000,
	"nMLStart":	702.000000,
	"nCLStart":	2212.000000,
	"nMLViolation":	44.599998,
	"nCLViolation":	32.599998,
	"vMeasure":	0.429476,
	"duration":	1230.900024,
	"mlConst":	0.000000,
	"clConst":	0.000000
},
{
	"iterTerminate":	9.500000,
	"cost":	13079.556641,
	"reachLocalMinimal":	1.000000,
	"nConstraintOriginal":	711.000000,
	"nConstraintDeduced":	1279.000000,
	"nMLStart":	674.000000,
	"nCLStart":	1884.000000,
	"nMLViolation":	40.599998,
	"nCLViolation":	29.200001,
	"vMeasure":	0.425423,
	"duration":	1748.599976,
	"mlConst":	0.000000,
	"clConst":	0.000000
},
{
	"iterTerminate":	9.700000,
	"cost":	13108.456055,
	"reachLocalMinimal":	1.000000,
	"nConstraintOriginal":	741.000000,
	"nConstraintDeduced":	1546.000000,
	"nMLStart":	860.000000,
	"nCLStart":	2228.000000,
	"nMLViolation":	35.599998,
	"nCLViolation":	30.400000,
	"vMeasure":	0.419999,
	"duration":	1791.199951,
	"mlConst":	0.000000,
	"clConst":	0.000000
},
{
	"iterTerminate":	14.900000,
	"cost":	13143.453125,
	"reachLocalMinimal":	1.000000,
	"nConstraintOriginal":	750.000000,
	"nConstraintDeduced":	1356.000000,
	"nMLStart":	712.000000,
	"nCLStart":	1988.000000,
	"nMLViolation":	48.599998,
	"nCLViolation":	15.800000,
	"vMeasure":	0.364967,
	"duration":	2682.300049,
	"mlConst":	0.000000,
	"clConst":	0.000000
},
{
	"iterTerminate":	11.400000,
	"cost":	13045.038086,
	"reachLocalMinimal":	1.000000,
	"nConstraintOriginal":	761.000000,
	"nConstraintDeduced":	1824.000000,
	"nMLStart":	988.000000,
	"nCLStart":	2654.000000,
	"nMLViolation":	84.000000,
	"nCLViolation":	30.600000,
	"vMeasure":	0.383151,
	"duration":	2079.600098,
	"mlConst":	0.000000,
	"clConst":	0.000000
},
{
	"iterTerminate":	8.700000,
	"cost":	13099.517578,
	"reachLocalMinimal":	1.000000,
	"nConstraintOriginal":	770.000000,
	"nConstraintDeduced":	1400.000000,
	"nMLStart":	750.000000,
	"nCLStart":	2050.000000,
	"nMLViolation":	33.000000,
	"nCLViolation":	29.799999,
	"vMeasure":	0.380462,
	"duration":	1609.800049,
	"mlConst":	0.000000,
	"clConst":	0.000000
},
{
	"iterTerminate":	11.000000,
	"cost":	13146.509766,
	"reachLocalMinimal":	1.000000,
	"nConstraintOriginal":	795.000000,
	"nConstraintDeduced":	2338.000000,
	"nMLStart":	1334.000000,
	"nCLStart":	3340.000000,
	"nMLViolation":	14.200000,
	"nCLViolation":	24.799999,
	"vMeasure":	0.397403,
	"duration":	2015.199951,
	"mlConst":	0.000000,
	"clConst":	0.000000
},
{
	"iterTerminate":	14.000000,
	"cost":	12970.566406,
	"reachLocalMinimal":	1.000000,
	"nConstraintOriginal":	84.000000,
	"nConstraintDeduced":	87.000000,
	"nMLStart":	64.000000,
	"nCLStart":	110.000000,
	"nMLViolation":	6.800000,
	"nCLViolation":	3.800000,
	"vMeasure":	0.378684,
	"duration":	2509.500000,
	"mlConst":	0.000000,
	"clConst":	0.000000
},
{
	"iterTerminate":	9.700000,
	"cost":	13212.429688,
	"reachLocalMinimal":	1.000000,
	"nConstraintOriginal":	975.000000,
	"nConstraintDeduced":	3080.000000,
	"nMLStart":	1526.000000,
	"nCLStart":	4628.000000,
	"nMLViolation":	44.000000,
	"nCLViolation":	34.000000,
	"vMeasure":	0.368634,
	"duration":	1792.599976,
	"mlConst":	0.000000,
	"clConst":	0.000000
},
{
	"iterTerminate":	16.900000,
	"cost":	12933.841797,
	"reachLocalMinimal":	1.000000,
	"nConstraintOriginal":	98.000000,
	"nConstraintDeduced":	102.000000,
	"nMLStart":	70.000000,
	"nCLStart":	134.000000,
	"nMLViolation":	10.000000,
	"nCLViolation":	6.000000,
	"vMeasure":	0.377497,
	"duration":	3013.399902,
	"mlConst":	0.000000,
	"clConst":	0.000000
},
{
	"iterTerminate":	10.700000,
	"cost":	13185.112305,
	"reachLocalMinimal":	1.000000,
	"nConstraintOriginal":	990.000000,
	"nConstraintDeduced":	4717.000000,
	"nMLStart":	1768.000000,
	"nCLStart":	7664.000000,
	"nMLViolation":	35.799999,
	"nCLViolation":	25.200001,
	"vMeasure":	0.438440,
	"duration":	1973.900024,
	"mlConst":	0.000000,
	"clConst":	0.000000
}
]