[
{
	"iterTerminate":	7.800000,
	"cost":	67469.140625,
	"reachLocalMinimal":	1.000000,
	"nConstraintOriginal":	101261.000000,
	"nConstraintDeduced":	6074355.000000,
	"nMLStart":	1657368.000000,
	"nCLStart":	10491342.000000,
	"nMLViolation":	0.000000,
	"nCLViolation":	0.000000,
	"vMeasure":	0.842575,
	"duration":	82508.796875,
	"mlConst":	0.000000,
	"clConst":	0.000000
},
{
	"iterTerminate":	8.200000,
	"cost":	67469.515625,
	"reachLocalMinimal":	1.000000,
	"nConstraintOriginal":	104419.000000,
	"nConstraintDeduced":	6130251.000000,
	"nMLStart":	1634424.000000,
	"nCLStart":	10626078.000000,
	"nMLViolation":	0.000000,
	"nCLViolation":	0.000000,
	"vMeasure":	0.847550,
	"duration":	87097.398438,
	"mlConst":	0.000000,
	"clConst":	0.000000
},
{
	"iterTerminate":	7.800000,
	"cost":	67516.867188,
	"reachLocalMinimal":	1.000000,
	"nConstraintOriginal":	109491.000000,
	"nConstraintDeduced":	6377806.000000,
	"nMLStart":	1692268.000000,
	"nCLStart":	11063344.000000,
	"nMLViolation":	0.000000,
	"nCLViolation":	0.000000,
	"vMeasure":	0.869018,
	"duration":	94155.601562,
	"mlConst":	0.000000,
	"clConst":	0.000000
},
{
	"iterTerminate":	7.200000,
	"cost":	67542.609375,
	"reachLocalMinimal":	1.000000,
	"nConstraintOriginal":	112224.000000,
	"nConstraintDeduced":	6546771.000000,
	"nMLStart":	1721166.000000,
	"nCLStart":	11372376.000000,
	"nMLViolation":	0.000000,
	"nCLViolation":	0.000000,
	"vMeasure":	0.887415,
	"duration":	79712.796875,
	"mlConst":	0.000000,
	"clConst":	0.000000
},
{
	"iterTerminate":	21.400000,
	"cost":	66248.820312,
	"reachLocalMinimal":	1.000000,
	"nConstraintOriginal":	11226.000000,
	"nConstraintDeduced":	1558331.000000,
	"nMLStart":	486788.000000,
	"nCLStart":	2629874.000000,
	"nMLViolation":	1.200000,
	"nCLViolation":	0.000000,
	"vMeasure":	0.394178,
	"duration":	90163.601562,
	"mlConst":	0.000000,
	"clConst":	0.000000
},
{
	"iterTerminate":	6.800000,
	"cost":	67555.523438,
	"reachLocalMinimal":	1.000000,
	"nConstraintOriginal":	120195.000000,
	"nConstraintDeduced":	6612066.000000,
	"nMLStart":	1743710.000000,
	"nCLStart":	11480422.000000,
	"nMLViolation":	0.000000,
	"nCLViolation":	0.000000,
	"vMeasure":	0.901899,
	"duration":	77579.398438,
	"mlConst":	0.000000,
	"clConst":	0.000000
},
{
	"iterTerminate":	27.600000,
	"cost":	66304.734375,
	"reachLocalMinimal":	1.000000,
	"nConstraintOriginal":	12079.000000,
	"nConstraintDeduced":	1553230.000000,
	"nMLStart":	476352.000000,
	"nCLStart":	2630108.000000,
	"nMLViolation":	0.000000,
	"nCLViolation":	0.000000,
	"vMeasure":	0.380533,
	"duration":	114243.601562,
	"mlConst":	0.000000,
	"clConst":	0.000000
},
{
	"iterTerminate":	7.000000,
	"cost":	67544.976562,
	"reachLocalMinimal":	1.000000,
	"nConstraintOriginal":	125345.000000,
	"nConstraintDeduced":	6586635.000000,
	"nMLStart":	1732398.000000,
	"nCLStart":	11440872.000000,
	"nMLViolation":	0.000000,
	"nCLViolation":	0.000000,
	"vMeasure":	0.894833,
	"duration":	82529.000000,
	"mlConst":	0.000000,
	"clConst":	0.000000
},
{
	"iterTerminate":	24.600000,
	"cost":	66316.679688,
	"reachLocalMinimal":	1.000000,
	"nConstraintOriginal":	12570.000000,
	"nConstraintDeduced":	1703996.000000,
	"nMLStart":	611958.000000,
	"nCLStart":	2796034.000000,
	"nMLViolation":	3.600000,
	"nCLViolation":	0.000000,
	"vMeasure":	0.412189,
	"duration":	108845.000000,
	"mlConst":	0.000000,
	"clConst":	0.000000
},
{
	"iterTerminate":	8.400000,
	"cost":	67541.265625,
	"reachLocalMinimal":	1.000000,
	"nConstraintOriginal":	127849.000000,
	"nConstraintDeduced":	6431491.000000,
	"nMLStart":	1704990.000000,
	"nCLStart":	11157992.000000,
	"nMLViolation":	0.000000,
	"nCLViolation":	0.000000,
	"vMeasure":	0.880792,
	"duration":	95169.601562,
	"mlConst":	0.000000,
	"clConst":	0.000000
},
{
	"iterTerminate":	21.600000,
	"cost":	66453.148438,
	"reachLocalMinimal":	1.000000,
	"nConstraintOriginal":	14956.000000,
	"nConstraintDeduced":	2114820.000000,
	"nMLStart":	674740.000000,
	"nCLStart":	3554900.000000,
	"nMLViolation":	0.800000,
	"nCLViolation":	0.000000,
	"vMeasure":	0.451977,
	"duration":	103871.601562,
	"mlConst":	0.000000,
	"clConst":	0.000000
},
{
	"iterTerminate":	19.799999,
	"cost":	66670.648438,
	"reachLocalMinimal":	1.000000,
	"nConstraintOriginal":	16246.000000,
	"nConstraintDeduced":	2532379.000000,
	"nMLStart":	780632.000000,
	"nCLStart":	4284126.000000,
	"nMLViolation":	0.000000,
	"nCLViolation":	0.000000,
	"vMeasure":	0.508839,
	"duration":	103878.203125,
	"mlConst":	0.000000,
	"clConst":	0.000000
},
{
	"iterTerminate":	24.400000,
	"cost":	66759.687500,
	"reachLocalMinimal":	1.000000,
	"nConstraintOriginal":	18246.000000,
	"nConstraintDeduced":	2675993.000000,
	"nMLStart":	817396.000000,
	"nCLStart":	4534590.000000,
	"nMLViolation":	0.000000,
	"nCLViolation":	0.000000,
	"vMeasure":	0.511350,
	"duration":	129931.000000,
	"mlConst":	0.000000,
	"clConst":	0.000000
},
{
	"iterTerminate":	17.400000,
	"cost":	66792.125000,
	"reachLocalMinimal":	1.000000,
	"nConstraintOriginal":	19409.000000,
	"nConstraintDeduced":	2854364.000000,
	"nMLStart":	940722.000000,
	"nCLStart":	4768006.000000,
	"nMLViolation":	1.200000,
	"nCLViolation":	0.000000,
	"vMeasure":	0.523369,
	"duration":	98009.000000,
	"mlConst":	0.000000,
	"clConst":	0.000000
},
{
	"iterTerminate":	23.799999,
	"cost":	66918.828125,
	"reachLocalMinimal":	1.000000,
	"nConstraintOriginal":	21683.000000,
	"nConstraintDeduced":	3065094.000000,
	"nMLStart":	966100.000000,
	"nCLStart":	5164088.000000,
	"nMLViolation":	0.000000,
	"nCLViolation":	0.000000,
	"vMeasure":	0.553849,
	"duration":	137315.593750,
	"mlConst":	0.000000,
	"clConst":	0.000000
},
{
	"iterTerminate":	27.000000,
	"cost":	66839.484375,
	"reachLocalMinimal":	1.000000,
	"nConstraintOriginal":	23452.000000,
	"nConstraintDeduced":	2815650.000000,
	"nMLStart":	838254.000000,
	"nCLStart":	4793046.000000,
	"nMLViolation":	0.000000,
	"nCLViolation":	0.000000,
	"vMeasure":	0.535028,
	"duration":	146375.000000,
	"mlConst":	0.000000,
	"clConst":	0.000000
},
{
	"iterTerminate":	21.000000,
	"cost":	66940.593750,
	"reachLocalMinimal":	1.000000,
	"nConstraintOriginal":	24165.000000,
	"nConstraintDeduced":	3294028.000000,
	"nMLStart":	1031294.000000,
	"nCLStart":	5556762.000000,
	"nMLViolation":	0.800000,
	"nCLViolation":	0.000000,
	"vMeasure":	0.572454,
	"duration":	127078.000000,
	"mlConst":	0.000000,
	"clConst":	0.000000
},
{
	"iterTerminate":	18.799999,
	"cost":	67077.328125,
	"reachLocalMinimal":	1.000000,
	"nConstraintOriginal":	27026.000000,
	"nConstraintDeduced":	3496427.250000,
	"nMLStart":	1052782.000000,
	"nCLStart":	5940072.000000,
	"nMLViolation":	0.000000,
	"nCLViolation":	0.000000,
	"vMeasure":	0.584809,
	"duration":	118789.398438,
	"mlConst":	0.000000,
	"clConst":	0.000000
},
{
	"iterTerminate":	27.400000,
	"cost":	65076.113281,
	"reachLocalMinimal":	1.000000,
	"nConstraintOriginal":	2781.000000,
	"nConstraintDeduced":	90444.000000,
	"nMLStart":	54672.000000,
	"nCLStart":	126216.000000,
	"nMLViolation":	65.599998,
	"nCLViolation":	0.000000,
	"vMeasure":	0.186042,
	"duration":	82893.601562,
	"mlConst":	0.000000,
	"clConst":	0.000000
},
{
	"iterTerminate":	24.600000,
	"cost":	64932.312500,
	"reachLocalMinimal":	1.000000,
	"nConstraintOriginal":	2908.000000,
	"nConstraintDeduced":	184997.000000,
	"nMLStart":	95332.000000,
	"nCLStart":	274662.000000,
	"nMLViolation":	17.200001,
	"nCLViolation":	0.000000,
	"vMeasure":	0.195126,
	"duration":	77935.601562,
	"mlConst":	0.000000,
	"clConst":	0.000000
},
{
	"iterTerminate":	17.200001,
	"cost":	67197.148438,
	"reachLocalMinimal":	1.000000,
	"nConstraintOriginal":	29531.000000,
	"nConstraintDeduced":	4284077.000000,
	"nMLStart":	1247778.000000,
	"nCLStart":	7320376.000000,
	"nMLViolation":	0.000000,
	"nCLViolation":	0.000000,
	"vMeasure":	0.667987,
	"duration":	128082.398438,
	"mlConst":	0.000000,
	"clConst":	0.000000
},
{
	"iterTerminate":	15.400000,
	"cost":	67228.226562,
	"reachLocalMinimal":	1.000000,
	"nConstraintOriginal":	31761.000000,
	"nConstraintDeduced":	4116382.000000,
	"nMLStart":	1180224.000000,
	"nCLStart":	7052540.000000,
	"nMLViolation":	0.000000,
	"nCLViolation":	0.000000,
	"vMeasure":	0.645426,
	"duration":	112773.601562,
	"mlConst":	0.000000,
	"clConst":	0.000000
},
{
	"iterTerminate":	15.600000,
	"cost":	67134.695312,
	"reachLocalMinimal":	1.000000,
	"nConstraintOriginal":	34460.000000,
	"nConstraintDeduced":	4029404.750000,
	"nMLStart":	1216478.000000,
	"nCLStart":	6842332.000000,
	"nMLViolation":	0.000000,
	"nCLViolation":	0.000000,
	"vMeasure":	0.643999,
	"duration":	109591.000000,
	"mlConst":	0.000000,
	"clConst":	0.000000
},
{
	"iterTerminate":	24.400000,
	"cost":	67164.375000,
	"reachLocalMinimal":	1.000000,
	"nConstraintOriginal":	37489.000000,
	"nConstraintDeduced":	4094091.250000,
	"nMLStart":	1221736.000000,
	"nCLStart":	6966446.500000,
	"nMLViolation":	0.000000,
	"nCLViolation":	0.000000,
	"vMeasure":	0.650999,
	"duration":	167616.000000,
	"mlConst":	0.000000,
	"clConst":	0.000000
},
{
	"iterTerminate":	12.000000,
	"cost":	67200.398438,
	"reachLocalMinimal":	1.000000,
	"nConstraintOriginal":	39037.000000,
	"nConstraintDeduced":	4542382.000000,
	"nMLStart":	1272464.000000,
	"nCLStart":	7812300.000000,
	"nMLViolation":	0.000000,
	"nCLViolation":	0.000000,
	"vMeasure":	0.692351,
	"duration":	98139.796875,
	"mlConst":	0.000000,
	"clConst":	0.000000
},
{
	"iterTerminate":	13.200000,
	"cost":	67261.734375,
	"reachLocalMinimal":	1.000000,
	"nConstraintOriginal":	40350.000000,
	"nConstraintDeduced":	4707846.000000,
	"nMLStart":	1355592.000000,
	"nCLStart":	8060100.000000,
	"nMLViolation":	0.000000,
	"nCLViolation":	0.000000,
	"vMeasure":	0.711903,
	"duration":	110688.796875,
	"mlConst":	0.000000,
	"clConst":	0.000000
},
{
	"iterTerminate":	12.800000,
	"cost":	67204.421875,
	"reachLocalMinimal":	1.000000,
	"nConstraintOriginal":	42937.000000,
	"nConstraintDeduced":	4432150.000000,
	"nMLStart":	1303332.000000,
	"nCLStart":	7560968.000000,
	"nMLViolation":	0.400000,
	"nCLViolation":	0.000000,
	"vMeasure":	0.681086,
	"duration":	99468.203125,
	"mlConst":	0.000000,
	"clConst":	0.000000
},
{
	"iterTerminate":	21.400000,
	"cost":	65469.230469,
	"reachLocalMinimal":	1.000000,
	"nConstraintOriginal":	4319.000000,
	"nConstraintDeduced":	343116.000000,
	"nMLStart":	143478.000000,
	"nCLStart":	542754.000000,
	"nMLViolation":	20.400000,
	"nCLViolation":	0.000000,
	"vMeasure":	0.214370,
	"duration":	68718.203125,
	"mlConst":	0.000000,
	"clConst":	0.000000
},
{
	"iterTerminate":	16.000000,
	"cost":	67267.250000,
	"reachLocalMinimal":	1.000000,
	"nConstraintOriginal":	47269.000000,
	"nConstraintDeduced":	4809576.000000,
	"nMLStart":	1398780.000000,
	"nCLStart":	8220372.000000,
	"nMLViolation":	0.000000,
	"nCLViolation":	0.000000,
	"vMeasure":	0.717900,
	"duration":	129070.203125,
	"mlConst":	0.000000,
	"clConst":	0.000000
},
{
	"iterTerminate":	26.600000,
	"cost":	65296.375000,
	"reachLocalMinimal":	1.000000,
	"nConstraintOriginal":	4919.000000,
	"nConstraintDeduced":	303960.000000,
	"nMLStart":	116858.000000,
	"nCLStart":	491062.000000,
	"nMLViolation":	17.200001,
	"nCLViolation":	0.000000,
	"vMeasure":	0.212285,
	"duration":	83184.796875,
	"mlConst":	0.000000,
	"clConst":	0.000000
},
{
	"iterTerminate":	7.200000,
	"cost":	520724.343750,
	"reachLocalMinimal":	1.000000,
	"nConstraintOriginal":	49758.000000,
	"nConstraintDeduced":	5012024.000000,
	"nMLStart":	1369030.000000,
	"nCLStart":	8655018.000000,
	"nMLViolation":	30849.599609,
	"nCLViolation":	28423.599609,
	"vMeasure":	0.725695,
	"duration":	73173.000000,
	"mlConst":	0.000000,
	"clConst":	0.000000
},
{
	"iterTerminate":	16.000000,
	"cost":	67301.820312,
	"reachLocalMinimal":	1.000000,
	"nConstraintOriginal":	53469.000000,
	"nConstraintDeduced":	5041900.000000,
	"nMLStart":	1389236.000000,
	"nCLStart":	8694564.000000,
	"nMLViolation":	0.000000,
	"nCLViolation":	0.000000,
	"vMeasure":	0.739127,
	"duration":	135461.203125,
	"mlConst":	0.000000,
	"clConst":	0.000000
},
{
	"iterTerminate":	13.800000,
	"cost":	67229.140625,
	"reachLocalMinimal":	1.000000,
	"nConstraintOriginal":	54784.000000,
	"nConstraintDeduced":	4917618.000000,
	"nMLStart":	1396482.000000,
	"nCLStart":	8438754.000000,
	"nMLViolation":	0.000000,
	"nCLViolation":	0.000000,
	"vMeasure":	0.731633,
	"duration":	114862.601562,
	"mlConst":	0.000000,
	"clConst":	0.000000
},
{
	"iterTerminate":	12.800000,
	"cost":	67435.164062,
	"reachLocalMinimal":	1.000000,
	"nConstraintOriginal":	60271.000000,
	"nConstraintDeduced":	5751136.000000,
	"nMLStart":	1536070.000000,
	"nCLStart":	9966202.000000,
	"nMLViolation":	0.000000,
	"nCLViolation":	0.000000,
	"vMeasure":	0.817451,
	"duration":	132629.203125,
	"mlConst":	0.000000,
	"clConst":	0.000000
},
{
	"iterTerminate":	26.000000,
	"cost":	65629.601562,
	"reachLocalMinimal":	1.000000,
	"nConstraintOriginal":	6119.000000,
	"nConstraintDeduced":	757159.000000,
	"nMLStart":	303936.000000,
	"nCLStart":	1210382.000000,
	"nMLViolation":	12.000000,
	"nCLViolation":	0.000000,
	"vMeasure":	0.289572,
	"duration":	94525.203125,
	"mlConst":	0.000000,
	"clConst":	0.000000
},
{
	"iterTerminate":	21.000000,
	"cost":	65705.796875,
	"reachLocalMinimal":	1.000000,
	"nConstraintOriginal":	6347.000000,
	"nConstraintDeduced":	542445.000000,
	"nMLStart":	218344.000000,
	"nCLStart":	866546.000000,
	"nMLViolation":	12.400000,
	"nCLViolation":	0.000000,
	"vMeasure":	0.253034,
	"duration":	71836.000000,
	"mlConst":	0.000000,
	"clConst":	0.000000
},
{
	"iterTerminate":	10.400000,
	"cost":	67381.468750,
	"reachLocalMinimal":	1.000000,
	"nConstraintOriginal":	64773.000000,
	"nConstraintDeduced":	5572791.000000,
	"nMLStart":	1517618.000000,
	"nCLStart":	9627964.000000,
	"nMLViolation":	0.000000,
	"nCLViolation":	0.000000,
	"vMeasure":	0.795682,
	"duration":	99146.796875,
	"mlConst":	0.000000,
	"clConst":	0.000000
},
{
	"iterTerminate":	14.200000,
	"cost":	67383.140625,
	"reachLocalMinimal":	1.000000,
	"nConstraintOriginal":	66039.000000,
	"nConstraintDeduced":	5374281.000000,
	"nMLStart":	1466440.000000,
	"nCLStart":	9282122.000000,
	"nMLViolation":	0.000000,
	"nCLViolation":	0.000000,
	"vMeasure":	0.780248,
	"duration":	123813.000000,
	"mlConst":	0.000000,
	"clConst":	0.000000
},
{
	"iterTerminate":	11.400000,
	"cost":	67389.921875,
	"reachLocalMinimal":	1.000000,
	"nConstraintOriginal":	68555.000000,
	"nConstraintDeduced":	5612925.000000,
	"nMLStart":	1542856.000000,
	"nCLStart":	9682994.000000,
	"nMLViolation":	0.000000,
	"nCLViolation":	0.000000,
	"vMeasure":	0.796274,
	"duration":	104855.203125,
	"mlConst":	0.000000,
	"clConst":	0.000000
},
{
	"iterTerminate":	13.000000,
	"cost":	78942.593750,
	"reachLocalMinimal":	1.000000,
	"nConstraintOriginal":	70051.000000,
	"nConstraintDeduced":	5423571.000000,
	"nMLStart":	1506324.000000,
	"nCLStart":	9340818.000000,
	"nMLViolation":	252.000000,
	"nCLViolation":	936.000000,
	"vMeasure":	0.786431,
	"duration":	115619.398438,
	"mlConst":	0.000000,
	"clConst":	0.000000
},
{
	"iterTerminate":	9.800000,
	"cost":	67416.273438,
	"reachLocalMinimal":	1.000000,
	"nConstraintOriginal":	74080.000000,
	"nConstraintDeduced":	5552778.000000,
	"nMLStart":	1491596.000000,
	"nCLStart":	9613960.000000,
	"nMLViolation":	0.000000,
	"nCLViolation":	0.000000,
	"vMeasure":	0.806880,
	"duration":	96479.203125,
	"mlConst":	0.000000,
	"clConst":	0.000000
},
{
	"iterTerminate":	9.200000,
	"cost":	67456.093750,
	"reachLocalMinimal":	1.000000,
	"nConstraintOriginal":	76928.000000,
	"nConstraintDeduced":	5984070.000000,
	"nMLStart":	1628510.000000,
	"nCLStart":	10339630.000000,
	"nMLViolation":	0.000000,
	"nCLViolation":	0.000000,
	"vMeasure":	0.834133,
	"duration":	96550.203125,
	"mlConst":	0.000000,
	"clConst":	0.000000
},
{
	"iterTerminate":	26.600000,
	"cost":	66145.304688,
	"reachLocalMinimal":	1.000000,
	"nConstraintOriginal":	8181.000000,
	"nConstraintDeduced":	1122924.000000,
	"nMLStart":	405690.000000,
	"nCLStart":	1840158.000000,
	"nMLViolation":	7.200000,
	"nCLViolation":	0.000000,
	"vMeasure":	0.337353,
	"duration":	100881.601562,
	"mlConst":	0.000000,
	"clConst":	0.000000
},
{
	"iterTerminate":	8.600000,
	"cost":	67511.648438,
	"reachLocalMinimal":	1.000000,
	"nConstraintOriginal":	81849.000000,
	"nConstraintDeduced":	6221628.000000,
	"nMLStart":	1642030.000000,
	"nCLStart":	10801226.000000,
	"nMLViolation":	0.000000,
	"nCLViolation":	0.000000,
	"vMeasure":	0.853992,
	"duration":	90631.398438,
	"mlConst":	0.000000,
	"clConst":	0.000000
},
{
	"iterTerminate":	9.000000,
	"cost":	67450.710938,
	"reachLocalMinimal":	1.000000,
	"nConstraintOriginal":	85480.000000,
	"nConstraintDeduced":	5908203.000000,
	"nMLStart":	1604998.000000,
	"nCLStart":	10211408.000000,
	"nMLViolation":	0.000000,
	"nCLViolation":	0.000000,
	"vMeasure":	0.821647,
	"duration":	90479.601562,
	"mlConst":	0.000000,
	"clConst":	0.000000
},
{
	"iterTerminate":	11.200000,
	"cost":	67417.781250,
	"reachLocalMinimal":	1.000000,
	"nConstraintOriginal":	86864.000000,
	"nConstraintDeduced":	5867025.000000,
	"nMLStart":	1575036.000000,
	"nCLStart":	10159014.000000,
	"nMLViolation":	0.000000,
	"nCLViolation":	0.000000,
	"vMeasure":	0.823873,
	"duration":	109342.000000,
	"mlConst":	0.000000,
	"clConst":	0.000000
},
{
	"iterTerminate":	25.200001,
	"cost":	66174.171875,
	"reachLocalMinimal":	1.000000,
	"nConstraintOriginal":	9066.000000,
	"nConstraintDeduced":	1253458.000000,
	"nMLStart":	399474.000000,
	"nCLStart":	2107442.000000,
	"nMLViolation":	10.800000,
	"nCLViolation":	0.000000,
	"vMeasure":	0.341819,
	"duration":	97191.398438,
	"mlConst":	0.000000,
	"clConst":	0.000000
},
{
	"iterTerminate":	11.400000,
	"cost":	67468.000000,
	"reachLocalMinimal":	1.000000,
	"nConstraintOriginal":	93265.000000,
	"nConstraintDeduced":	6032601.000000,
	"nMLStart":	1638362.000000,
	"nCLStart":	10426840.000000,
	"nMLViolation":	0.000000,
	"nCLViolation":	0.000000,
	"vMeasure":	0.851216,
	"duration":	117419.203125,
	"mlConst":	0.000000,
	"clConst":	0.000000
},
{
	"iterTerminate":	10.200000,
	"cost":	67466.890625,
	"reachLocalMinimal":	1.000000,
	"nConstraintOriginal":	99702.000000,
	"nConstraintDeduced":	6056940.000000,
	"nMLStart":	1640254.000000,
	"nCLStart":	10473626.000000,
	"nMLViolation":	0.000000,
	"nCLViolation":	0.000000,
	"vMeasure":	0.844056,
	"duration":	102514.398438,
	"mlConst":	0.000000,
	"clConst":	0.000000
}
]