[
{
	"iterTerminate":	7.500000,
	"cost":	52029.058594,
	"reachLocalMinimal":	1.000000,
	"nConstraintOriginal":	101261.000000,
	"nConstraintDeduced":	6074355.000000,
	"nMLStart":	1657368.000000,
	"nCLStart":	10491342.000000,
	"nMLViolation":	0.000000,
	"nCLViolation":	0.000000,
	"vMeasure":	0.855914,
	"duration":	274815.500000,
	"mlConst":	0.000000,
	"clConst":	0.000000
},
{
	"iterTerminate":	2.000000,
	"cost":	90017.484375,
	"reachLocalMinimal":	1.000000,
	"nConstraintOriginal":	104419.000000,
	"nConstraintDeduced":	6130251.000000,
	"nMLStart":	1634424.000000,
	"nCLStart":	10626078.000000,
	"nMLViolation":	2088.000000,
	"nCLViolation":	4932.000000,
	"vMeasure":	0.860371,
	"duration":	90295.000000,
	"mlConst":	0.000000,
	"clConst":	0.000000
},
{
	"iterTerminate":	5.666667,
	"cost":	52045.660156,
	"reachLocalMinimal":	1.000000,
	"nConstraintOriginal":	109491.000000,
	"nConstraintDeduced":	6377806.000000,
	"nMLStart":	1692268.000000,
	"nCLStart":	11063344.000000,
	"nMLViolation":	0.000000,
	"nCLViolation":	0.000000,
	"vMeasure":	0.877116,
	"duration":	212658.000000,
	"mlConst":	0.000000,
	"clConst":	0.000000
},
{
	"iterTerminate":	5.000000,
	"cost":	66461.156250,
	"reachLocalMinimal":	1.000000,
	"nConstraintOriginal":	112224.000000,
	"nConstraintDeduced":	6546771.000000,
	"nMLStart":	1721166.000000,
	"nCLStart":	11372376.000000,
	"nMLViolation":	580.000000,
	"nCLViolation":	1390.000000,
	"vMeasure":	0.896551,
	"duration":	191677.500000,
	"mlConst":	0.000000,
	"clConst":	0.000000
},
{
	"iterTerminate":	17.000000,
	"cost":	51560.601562,
	"reachLocalMinimal":	1.000000,
	"nConstraintOriginal":	11226.000000,
	"nConstraintDeduced":	1558331.000000,
	"nMLStart":	486788.000000,
	"nCLStart":	2629874.000000,
	"nMLViolation":	17.500000,
	"nCLViolation":	0.000000,
	"vMeasure":	0.421830,
	"duration":	484465.500000,
	"mlConst":	0.000000,
	"clConst":	0.000000
},
{
	"iterTerminate":	3.000000,
	"cost":	100483.312500,
	"reachLocalMinimal":	1.000000,
	"nConstraintOriginal":	120195.000000,
	"nConstraintDeduced":	6612066.000000,
	"nMLStart":	1743710.000000,
	"nCLStart":	11480421.000000,
	"nMLViolation":	17431.333984,
	"nCLViolation":	71355.335938,
	"vMeasure":	0.886546,
	"duration":	125015.335938,
	"mlConst":	0.000000,
	"clConst":	0.000000
},
{
	"iterTerminate":	17.200001,
	"cost":	51637.761719,
	"reachLocalMinimal":	1.000000,
	"nConstraintOriginal":	12079.000000,
	"nConstraintDeduced":	1553230.000000,
	"nMLStart":	476352.000000,
	"nCLStart":	2630108.000000,
	"nMLViolation":	4.000000,
	"nCLViolation":	0.000000,
	"vMeasure":	0.412562,
	"duration":	491392.406250,
	"mlConst":	0.000000,
	"clConst":	0.000000
},
{
	"iterTerminate":	4.500000,
	"cost":	78174.734375,
	"reachLocalMinimal":	1.000000,
	"nConstraintOriginal":	125345.000000,
	"nConstraintDeduced":	6586635.000000,
	"nMLStart":	1732398.000000,
	"nCLStart":	11440872.000000,
	"nMLViolation":	158.000000,
	"nCLViolation":	11297.000000,
	"vMeasure":	0.899290,
	"duration":	174876.000000,
	"mlConst":	0.000000,
	"clConst":	0.000000
},
{
	"iterTerminate":	14.500000,
	"cost":	51661.019531,
	"reachLocalMinimal":	1.000000,
	"nConstraintOriginal":	12570.000000,
	"nConstraintDeduced":	1703996.000000,
	"nMLStart":	611958.000000,
	"nCLStart":	2796034.000000,
	"nMLViolation":	11.000000,
	"nCLViolation":	0.000000,
	"vMeasure":	0.447601,
	"duration":	422159.750000,
	"mlConst":	0.000000,
	"clConst":	0.000000
},
{
	"iterTerminate":	5.250000,
	"cost":	90594.406250,
	"reachLocalMinimal":	1.000000,
	"nConstraintOriginal":	127849.000000,
	"nConstraintDeduced":	6431491.000000,
	"nMLStart":	1704990.000000,
	"nCLStart":	11157992.000000,
	"nMLViolation":	2793.500000,
	"nCLViolation":	24681.500000,
	"vMeasure":	0.886136,
	"duration":	198641.750000,
	"mlConst":	0.000000,
	"clConst":	0.000000
},
{
	"iterTerminate":	18.799999,
	"cost":	51657.191406,
	"reachLocalMinimal":	1.000000,
	"nConstraintOriginal":	14956.000000,
	"nConstraintDeduced":	2114820.000000,
	"nMLStart":	674740.000000,
	"nCLStart":	3554900.000000,
	"nMLViolation":	1.600000,
	"nCLViolation":	0.000000,
	"vMeasure":	0.477721,
	"duration":	546024.625000,
	"mlConst":	0.000000,
	"clConst":	0.000000
},
{
	"iterTerminate":	24.750000,
	"cost":	51758.066406,
	"reachLocalMinimal":	1.000000,
	"nConstraintOriginal":	16246.000000,
	"nConstraintDeduced":	2532379.000000,
	"nMLStart":	780632.000000,
	"nCLStart":	4284126.000000,
	"nMLViolation":	16.000000,
	"nCLViolation":	0.000000,
	"vMeasure":	0.527770,
	"duration":	725195.000000,
	"mlConst":	0.000000,
	"clConst":	0.000000
},
{
	"iterTerminate":	20.799999,
	"cost":	51647.710938,
	"reachLocalMinimal":	1.000000,
	"nConstraintOriginal":	18246.000000,
	"nConstraintDeduced":	2675993.000000,
	"nMLStart":	817396.000000,
	"nCLStart":	4534590.000000,
	"nMLViolation":	0.000000,
	"nCLViolation":	0.000000,
	"vMeasure":	0.542392,
	"duration":	613648.625000,
	"mlConst":	0.000000,
	"clConst":	0.000000
},
{
	"iterTerminate":	11.666667,
	"cost":	82929.937500,
	"reachLocalMinimal":	1.000000,
	"nConstraintOriginal":	19409.000000,
	"nConstraintDeduced":	2854364.000000,
	"nMLStart":	940722.000000,
	"nCLStart":	4768006.000000,
	"nMLViolation":	944.666687,
	"nCLViolation":	2386.000000,
	"vMeasure":	0.587715,
	"duration":	356718.000000,
	"mlConst":	0.000000,
	"clConst":	0.000000
},
{
	"iterTerminate":	7.600000,
	"cost":	63846.054688,
	"reachLocalMinimal":	1.000000,
	"nConstraintOriginal":	21683.000000,
	"nConstraintDeduced":	3065094.000000,
	"nMLStart":	966100.000000,
	"nCLStart":	5164088.000000,
	"nMLViolation":	285.600006,
	"nCLViolation":	1449.599976,
	"vMeasure":	0.588652,
	"duration":	239627.796875,
	"mlConst":	0.000000,
	"clConst":	0.000000
},
{
	"iterTerminate":	11.200000,
	"cost":	51875.343750,
	"reachLocalMinimal":	1.000000,
	"nConstraintOriginal":	23452.000000,
	"nConstraintDeduced":	2815650.000000,
	"nMLStart":	838254.000000,
	"nCLStart":	4793046.000000,
	"nMLViolation":	4.800000,
	"nCLViolation":	0.000000,
	"vMeasure":	0.563831,
	"duration":	342696.593750,
	"mlConst":	0.000000,
	"clConst":	0.000000
},
{
	"iterTerminate":	13.000000,
	"cost":	56301.691406,
	"reachLocalMinimal":	1.000000,
	"nConstraintOriginal":	24165.000000,
	"nConstraintDeduced":	3294028.000000,
	"nMLStart":	1031294.000000,
	"nCLStart":	5556762.000000,
	"nMLViolation":	1253.000000,
	"nCLViolation":	1633.500000,
	"vMeasure":	0.601600,
	"duration":	403926.500000,
	"mlConst":	0.000000,
	"clConst":	0.000000
},
{
	"iterTerminate":	18.600000,
	"cost":	51831.695312,
	"reachLocalMinimal":	1.000000,
	"nConstraintOriginal":	27026.000000,
	"nConstraintDeduced":	3496427.250000,
	"nMLStart":	1052782.000000,
	"nCLStart":	5940072.000000,
	"nMLViolation":	0.000000,
	"nCLViolation":	0.000000,
	"vMeasure":	0.610877,
	"duration":	570223.187500,
	"mlConst":	0.000000,
	"clConst":	0.000000
},
{
	"iterTerminate":	0.000000,
	"cost":	0.000000,
	"reachLocalMinimal":	-1.000000,
	"nConstraintOriginal":	0.000000,
	"nConstraintDeduced":	0.000000,
	"nMLStart":	0.000000,
	"nCLStart":	0.000000,
	"nMLViolation":	0.000000,
	"nCLViolation":	0.000000,
	"vMeasure":	0.000000,
	"duration":	0.000000,
	"mlConst":	0.000000,
	"clConst":	0.000000
},
{
	"iterTerminate":	2.000000,
	"cost":	316315.750000,
	"reachLocalMinimal":	1.000000,
	"nConstraintOriginal":	2908.000000,
	"nConstraintDeduced":	184997.000000,
	"nMLStart":	95332.000000,
	"nCLStart":	274662.000000,
	"nMLViolation":	27.600000,
	"nCLViolation":	78804.000000,
	"vMeasure":	0.082199,
	"duration":	69076.203125,
	"mlConst":	0.000000,
	"clConst":	0.000000
},
{
	"iterTerminate":	10.800000,
	"cost":	51897.539062,
	"reachLocalMinimal":	1.000000,
	"nConstraintOriginal":	29531.000000,
	"nConstraintDeduced":	4284077.000000,
	"nMLStart":	1247778.000000,
	"nCLStart":	7320376.000000,
	"nMLViolation":	4.800000,
	"nCLViolation":	0.000000,
	"vMeasure":	0.694915,
	"duration":	352972.812500,
	"mlConst":	0.000000,
	"clConst":	0.000000
},
{
	"iterTerminate":	13.750000,
	"cost":	51914.878906,
	"reachLocalMinimal":	1.000000,
	"nConstraintOriginal":	31761.000000,
	"nConstraintDeduced":	4116382.000000,
	"nMLStart":	1180224.000000,
	"nCLStart":	7052540.000000,
	"nMLViolation":	1.000000,
	"nCLViolation":	0.000000,
	"vMeasure":	0.657522,
	"duration":	438524.000000,
	"mlConst":	0.000000,
	"clConst":	0.000000
},
{
	"iterTerminate":	13.600000,
	"cost":	51940.277344,
	"reachLocalMinimal":	1.000000,
	"nConstraintOriginal":	34460.000000,
	"nConstraintDeduced":	4029404.750000,
	"nMLStart":	1216478.000000,
	"nCLStart":	6842332.000000,
	"nMLViolation":	15.200000,
	"nCLViolation":	0.000000,
	"vMeasure":	0.673210,
	"duration":	429246.812500,
	"mlConst":	0.000000,
	"clConst":	0.000000
},
{
	"iterTerminate":	4.200000,
	"cost":	86841.953125,
	"reachLocalMinimal":	1.000000,
	"nConstraintOriginal":	37489.000000,
	"nConstraintDeduced":	4094091.250000,
	"nMLStart":	1221736.000000,
	"nCLStart":	6966446.500000,
	"nMLViolation":	2140.800049,
	"nCLViolation":	8574.400391,
	"vMeasure":	0.702848,
	"duration":	147463.000000,
	"mlConst":	0.000000,
	"clConst":	0.000000
},
{
	"iterTerminate":	6.750000,
	"cost":	68292.179688,
	"reachLocalMinimal":	1.000000,
	"nConstraintOriginal":	39037.000000,
	"nConstraintDeduced":	4542382.000000,
	"nMLStart":	1272464.000000,
	"nCLStart":	7812300.000000,
	"nMLViolation":	894.500000,
	"nCLViolation":	2099.500000,
	"vMeasure":	0.730326,
	"duration":	229395.500000,
	"mlConst":	0.000000,
	"clConst":	0.000000
},
{
	"iterTerminate":	7.333333,
	"cost":	73132.359375,
	"reachLocalMinimal":	1.000000,
	"nConstraintOriginal":	40350.000000,
	"nConstraintDeduced":	4707846.000000,
	"nMLStart":	1355592.000000,
	"nCLStart":	8060100.000000,
	"nMLViolation":	280.000000,
	"nCLViolation":	2146.666748,
	"vMeasure":	0.734379,
	"duration":	247985.671875,
	"mlConst":	0.000000,
	"clConst":	0.000000
},
{
	"iterTerminate":	13.500000,
	"cost":	51896.757812,
	"reachLocalMinimal":	1.000000,
	"nConstraintOriginal":	42937.000000,
	"nConstraintDeduced":	4432150.000000,
	"nMLStart":	1303332.000000,
	"nCLStart":	7560968.000000,
	"nMLViolation":	0.500000,
	"nCLViolation":	0.000000,
	"vMeasure":	0.694417,
	"duration":	434230.000000,
	"mlConst":	0.000000,
	"clConst":	0.000000
},
{
	"iterTerminate":	16.799999,
	"cost":	51372.492188,
	"reachLocalMinimal":	1.000000,
	"nConstraintOriginal":	4319.000000,
	"nConstraintDeduced":	343116.000000,
	"nMLStart":	143478.000000,
	"nCLStart":	542754.000000,
	"nMLViolation":	96.000000,
	"nCLViolation":	0.000000,
	"vMeasure":	0.269179,
	"duration":	460718.000000,
	"mlConst":	0.000000,
	"clConst":	0.000000
},
{
	"iterTerminate":	11.600000,
	"cost":	51980.925781,
	"reachLocalMinimal":	1.000000,
	"nConstraintOriginal":	47269.000000,
	"nConstraintDeduced":	4809576.000000,
	"nMLStart":	1398780.000000,
	"nCLStart":	8220372.000000,
	"nMLViolation":	0.800000,
	"nCLViolation":	0.000000,
	"vMeasure":	0.739625,
	"duration":	396360.000000,
	"mlConst":	0.000000,
	"clConst":	0.000000
},
{
	"iterTerminate":	25.750000,
	"cost":	51347.394531,
	"reachLocalMinimal":	1.000000,
	"nConstraintOriginal":	4919.000000,
	"nConstraintDeduced":	303960.000000,
	"nMLStart":	116858.000000,
	"nCLStart":	491062.000000,
	"nMLViolation":	84.000000,
	"nCLViolation":	0.000000,
	"vMeasure":	0.242565,
	"duration":	699933.250000,
	"mlConst":	0.000000,
	"clConst":	0.000000
},
{
	"iterTerminate":	5.200000,
	"cost":	68939.687500,
	"reachLocalMinimal":	1.000000,
	"nConstraintOriginal":	49758.000000,
	"nConstraintDeduced":	5012024.000000,
	"nMLStart":	1369030.000000,
	"nCLStart":	8655018.000000,
	"nMLViolation":	1194.800049,
	"nCLViolation":	2268.800049,
	"vMeasure":	0.770337,
	"duration":	187804.000000,
	"mlConst":	0.000000,
	"clConst":	0.000000
},
{
	"iterTerminate":	8.800000,
	"cost":	56841.656250,
	"reachLocalMinimal":	1.000000,
	"nConstraintOriginal":	53469.000000,
	"nConstraintDeduced":	5041900.000000,
	"nMLStart":	1389236.000000,
	"nCLStart":	8694564.000000,
	"nMLViolation":	109.199997,
	"nCLViolation":	982.799988,
	"vMeasure":	0.757755,
	"duration":	306212.812500,
	"mlConst":	0.000000,
	"clConst":	0.000000
},
{
	"iterTerminate":	5.000000,
	"cost":	142413.140625,
	"reachLocalMinimal":	1.000000,
	"nConstraintOriginal":	54784.000000,
	"nConstraintDeduced":	4917618.000000,
	"nMLStart":	1396482.000000,
	"nCLStart":	8438754.000000,
	"nMLViolation":	1124.000000,
	"nCLViolation":	3547.500000,
	"vMeasure":	0.775723,
	"duration":	183428.750000,
	"mlConst":	0.000000,
	"clConst":	0.000000
},
{
	"iterTerminate":	6.250000,
	"cost":	80650.109375,
	"reachLocalMinimal":	1.000000,
	"nConstraintOriginal":	60271.000000,
	"nConstraintDeduced":	5751136.000000,
	"nMLStart":	1536070.000000,
	"nCLStart":	9966202.000000,
	"nMLViolation":	38.000000,
	"nCLViolation":	4560.000000,
	"vMeasure":	0.830378,
	"duration":	226651.000000,
	"mlConst":	0.000000,
	"clConst":	0.000000
},
{
	"iterTerminate":	18.799999,
	"cost":	51421.691406,
	"reachLocalMinimal":	1.000000,
	"nConstraintOriginal":	6119.000000,
	"nConstraintDeduced":	757159.000000,
	"nMLStart":	303936.000000,
	"nCLStart":	1210382.000000,
	"nMLViolation":	73.199997,
	"nCLViolation":	0.000000,
	"vMeasure":	0.323506,
	"duration":	527380.812500,
	"mlConst":	0.000000,
	"clConst":	0.000000
},
{
	"iterTerminate":	18.600000,
	"cost":	51340.003906,
	"reachLocalMinimal":	1.000000,
	"nConstraintOriginal":	6347.000000,
	"nConstraintDeduced":	542445.000000,
	"nMLStart":	218344.000000,
	"nCLStart":	866546.000000,
	"nMLViolation":	65.199997,
	"nCLViolation":	0.000000,
	"vMeasure":	0.278331,
	"duration":	516036.593750,
	"mlConst":	0.000000,
	"clConst":	0.000000
},
{
	"iterTerminate":	6.500000,
	"cost":	59713.152344,
	"reachLocalMinimal":	1.000000,
	"nConstraintOriginal":	64773.000000,
	"nConstraintDeduced":	5572791.000000,
	"nMLStart":	1517618.000000,
	"nCLStart":	9627964.000000,
	"nMLViolation":	220.000000,
	"nCLViolation":	2816.000000,
	"vMeasure":	0.809782,
	"duration":	238603.750000,
	"mlConst":	0.000000,
	"clConst":	0.000000
},
{
	"iterTerminate":	8.500000,
	"cost":	51989.890625,
	"reachLocalMinimal":	1.000000,
	"nConstraintOriginal":	66039.000000,
	"nConstraintDeduced":	5374281.000000,
	"nMLStart":	1466440.000000,
	"nCLStart":	9282122.000000,
	"nMLViolation":	0.000000,
	"nCLViolation":	0.000000,
	"vMeasure":	0.796493,
	"duration":	292833.000000,
	"mlConst":	0.000000,
	"clConst":	0.000000
},
{
	"iterTerminate":	9.250000,
	"cost":	52000.601562,
	"reachLocalMinimal":	1.000000,
	"nConstraintOriginal":	68555.000000,
	"nConstraintDeduced":	5612925.000000,
	"nMLStart":	1542856.000000,
	"nCLStart":	9682994.000000,
	"nMLViolation":	0.000000,
	"nCLViolation":	0.000000,
	"vMeasure":	0.810520,
	"duration":	321174.500000,
	"mlConst":	0.000000,
	"clConst":	0.000000
},
{
	"iterTerminate":	10.500000,
	"cost":	51978.351562,
	"reachLocalMinimal":	1.000000,
	"nConstraintOriginal":	70051.000000,
	"nConstraintDeduced":	5423571.000000,
	"nMLStart":	1506324.000000,
	"nCLStart":	9340818.000000,
	"nMLViolation":	0.000000,
	"nCLViolation":	0.000000,
	"vMeasure":	0.794253,
	"duration":	368393.500000,
	"mlConst":	0.000000,
	"clConst":	0.000000
},
{
	"iterTerminate":	7.333333,
	"cost":	52008.250000,
	"reachLocalMinimal":	1.000000,
	"nConstraintOriginal":	74080.000000,
	"nConstraintDeduced":	5552778.000000,
	"nMLStart":	1491596.000000,
	"nCLStart":	9613960.000000,
	"nMLViolation":	0.000000,
	"nCLViolation":	0.000000,
	"vMeasure":	0.811350,
	"duration":	268890.343750,
	"mlConst":	0.000000,
	"clConst":	0.000000
},
{
	"iterTerminate":	6.250000,
	"cost":	64320.816406,
	"reachLocalMinimal":	1.000000,
	"nConstraintOriginal":	76928.000000,
	"nConstraintDeduced":	5984070.000000,
	"nMLStart":	1628510.000000,
	"nCLStart":	10339630.000000,
	"nMLViolation":	525.000000,
	"nCLViolation":	3318.000000,
	"vMeasure":	0.851384,
	"duration":	232618.750000,
	"mlConst":	0.000000,
	"clConst":	0.000000
},
{
	"iterTerminate":	19.000000,
	"cost":	51503.781250,
	"reachLocalMinimal":	1.000000,
	"nConstraintOriginal":	8181.000000,
	"nConstraintDeduced":	1122924.000000,
	"nMLStart":	405690.000000,
	"nCLStart":	1840158.000000,
	"nMLViolation":	36.000000,
	"nCLViolation":	0.000000,
	"vMeasure":	0.359138,
	"duration":	534971.375000,
	"mlConst":	0.000000,
	"clConst":	0.000000
},
{
	"iterTerminate":	6.500000,
	"cost":	87258.468750,
	"reachLocalMinimal":	1.000000,
	"nConstraintOriginal":	81849.000000,
	"nConstraintDeduced":	6221628.000000,
	"nMLStart":	1642030.000000,
	"nCLStart":	10801226.000000,
	"nMLViolation":	1057.500000,
	"nCLViolation":	855.000000,
	"vMeasure":	0.861954,
	"duration":	237069.500000,
	"mlConst":	0.000000,
	"clConst":	0.000000
},
{
	"iterTerminate":	8.250000,
	"cost":	52008.390625,
	"reachLocalMinimal":	1.000000,
	"nConstraintOriginal":	85480.000000,
	"nConstraintDeduced":	5908203.000000,
	"nMLStart":	1604998.000000,
	"nCLStart":	10211408.000000,
	"nMLViolation":	0.000000,
	"nCLViolation":	0.000000,
	"vMeasure":	0.841920,
	"duration":	288587.500000,
	"mlConst":	0.000000,
	"clConst":	0.000000
},
{
	"iterTerminate":	7.333333,
	"cost":	52008.121094,
	"reachLocalMinimal":	1.000000,
	"nConstraintOriginal":	86864.000000,
	"nConstraintDeduced":	5867025.500000,
	"nMLStart":	1575036.000000,
	"nCLStart":	10159014.000000,
	"nMLViolation":	0.000000,
	"nCLViolation":	0.000000,
	"vMeasure":	0.833988,
	"duration":	261970.000000,
	"mlConst":	0.000000,
	"clConst":	0.000000
},
{
	"iterTerminate":	17.200001,
	"cost":	51531.632812,
	"reachLocalMinimal":	1.000000,
	"nConstraintOriginal":	9066.000000,
	"nConstraintDeduced":	1253458.000000,
	"nMLStart":	399474.000000,
	"nCLStart":	2107442.000000,
	"nMLViolation":	46.000000,
	"nCLViolation":	0.000000,
	"vMeasure":	0.384922,
	"duration":	490541.406250,
	"mlConst":	0.000000,
	"clConst":	0.000000
},
{
	"iterTerminate":	6.750000,
	"cost":	52017.062500,
	"reachLocalMinimal":	1.000000,
	"nConstraintOriginal":	93265.000000,
	"nConstraintDeduced":	6032601.000000,
	"nMLStart":	1638362.000000,
	"nCLStart":	10426840.000000,
	"nMLViolation":	0.000000,
	"nCLViolation":	0.000000,
	"vMeasure":	0.855780,
	"duration":	248960.750000,
	"mlConst":	0.000000,
	"clConst":	0.000000
},
{
	"iterTerminate":	5.750000,
	"cost":	73632.210938,
	"reachLocalMinimal":	1.000000,
	"nConstraintOriginal":	99702.000000,
	"nConstraintDeduced":	6056940.000000,
	"nMLStart":	1640254.000000,
	"nCLStart":	10473626.000000,
	"nMLViolation":	335.500000,
	"nCLViolation":	3416.000000,
	"vMeasure":	0.852967,
	"duration":	211522.500000,
	"mlConst":	0.000000,
	"clConst":	0.000000
}
]