[
{
	"iterTerminate":	5.600000,
	"cost":	258449.546875,
	"reachLocalMinimal":	1.000000,
	"nConstraintOriginal":	101261.000000,
	"nConstraintDeduced":	6074355.000000,
	"nMLStart":	1657368.000000,
	"nCLStart":	10491342.000000,
	"nMLViolation":	27608.000000,
	"nCLViolation":	22360.000000,
	"vMeasure":	0.829116,
	"duration":	58872.800781,
	"mlConst":	0.000000,
	"clConst":	0.000000
},
{
	"iterTerminate":	7.600000,
	"cost":	137093.906250,
	"reachLocalMinimal":	1.000000,
	"nConstraintOriginal":	104419.000000,
	"nConstraintDeduced":	6130251.000000,
	"nMLStart":	1634424.000000,
	"nCLStart":	10626078.000000,
	"nMLViolation":	10905.599609,
	"nCLViolation":	9241.200195,
	"vMeasure":	0.839315,
	"duration":	76804.796875,
	"mlConst":	0.000000,
	"clConst":	0.000000
},
{
	"iterTerminate":	5.800000,
	"cost":	226464.953125,
	"reachLocalMinimal":	1.000000,
	"nConstraintOriginal":	109491.000000,
	"nConstraintDeduced":	6377806.000000,
	"nMLStart":	1692268.000000,
	"nCLStart":	11063344.000000,
	"nMLViolation":	9200.000000,
	"nCLViolation":	6885.600098,
	"vMeasure":	0.858666,
	"duration":	62646.398438,
	"mlConst":	0.000000,
	"clConst":	0.000000
},
{
	"iterTerminate":	7.400000,
	"cost":	53414.050781,
	"reachLocalMinimal":	1.000000,
	"nConstraintOriginal":	112224.000000,
	"nConstraintDeduced":	6546771.000000,
	"nMLStart":	1721166.000000,
	"nCLStart":	11372376.000000,
	"nMLViolation":	0.000000,
	"nCLViolation":	0.000000,
	"vMeasure":	0.888002,
	"duration":	77508.398438,
	"mlConst":	0.000000,
	"clConst":	0.000000
},
{
	"iterTerminate":	26.200001,
	"cost":	52815.773438,
	"reachLocalMinimal":	1.000000,
	"nConstraintOriginal":	11226.000000,
	"nConstraintDeduced":	1558331.000000,
	"nMLStart":	486788.000000,
	"nCLStart":	2629874.000000,
	"nMLViolation":	0.400000,
	"nCLViolation":	0.000000,
	"vMeasure":	0.394414,
	"duration":	102897.000000,
	"mlConst":	0.000000,
	"clConst":	0.000000
},
{
	"iterTerminate":	5.200000,
	"cost":	209004.609375,
	"reachLocalMinimal":	1.000000,
	"nConstraintOriginal":	120195.000000,
	"nConstraintDeduced":	6612066.000000,
	"nMLStart":	1743710.000000,
	"nCLStart":	11480422.000000,
	"nMLViolation":	6351.200195,
	"nCLViolation":	8996.799805,
	"vMeasure":	0.895425,
	"duration":	57598.199219,
	"mlConst":	0.000000,
	"clConst":	0.000000
},
{
	"iterTerminate":	23.400000,
	"cost":	52785.199219,
	"reachLocalMinimal":	1.000000,
	"nConstraintOriginal":	12079.000000,
	"nConstraintDeduced":	1553230.000000,
	"nMLStart":	476352.000000,
	"nCLStart":	2630108.000000,
	"nMLViolation":	0.000000,
	"nCLViolation":	0.000000,
	"vMeasure":	0.388048,
	"duration":	92352.203125,
	"mlConst":	0.000000,
	"clConst":	0.000000
},
{
	"iterTerminate":	7.000000,
	"cost":	92815.125000,
	"reachLocalMinimal":	1.000000,
	"nConstraintOriginal":	125345.000000,
	"nConstraintDeduced":	6586635.000000,
	"nMLStart":	1732398.000000,
	"nCLStart":	11440872.000000,
	"nMLViolation":	15310.400391,
	"nCLViolation":	11340.799805,
	"vMeasure":	0.889869,
	"duration":	73937.398438,
	"mlConst":	0.000000,
	"clConst":	0.000000
},
{
	"iterTerminate":	21.600000,
	"cost":	52776.468750,
	"reachLocalMinimal":	1.000000,
	"nConstraintOriginal":	12570.000000,
	"nConstraintDeduced":	1703996.000000,
	"nMLStart":	611958.000000,
	"nCLStart":	2796034.000000,
	"nMLViolation":	1.200000,
	"nCLViolation":	0.000000,
	"vMeasure":	0.415893,
	"duration":	88990.601562,
	"mlConst":	0.000000,
	"clConst":	0.000000
},
{
	"iterTerminate":	8.000000,
	"cost":	53412.398438,
	"reachLocalMinimal":	1.000000,
	"nConstraintOriginal":	127849.000000,
	"nConstraintDeduced":	6431491.000000,
	"nMLStart":	1704990.000000,
	"nCLStart":	11157992.000000,
	"nMLViolation":	0.000000,
	"nCLViolation":	0.000000,
	"vMeasure":	0.881669,
	"duration":	80817.203125,
	"mlConst":	0.000000,
	"clConst":	0.000000
},
{
	"iterTerminate":	18.250000,
	"cost":	54627.187500,
	"reachLocalMinimal":	1.000000,
	"nConstraintOriginal":	14956.000000,
	"nConstraintDeduced":	2114820.000000,
	"nMLStart":	674740.000000,
	"nCLStart":	3554900.000000,
	"nMLViolation":	1.500000,
	"nCLViolation":	1624.000000,
	"vMeasure":	0.468825,
	"duration":	83148.250000,
	"mlConst":	0.000000,
	"clConst":	0.000000
},
{
	"iterTerminate":	19.200001,
	"cost":	52951.257812,
	"reachLocalMinimal":	1.000000,
	"nConstraintOriginal":	16246.000000,
	"nConstraintDeduced":	2532379.000000,
	"nMLStart":	780632.000000,
	"nCLStart":	4284126.000000,
	"nMLViolation":	0.000000,
	"nCLViolation":	0.000000,
	"vMeasure":	0.524679,
	"duration":	95299.000000,
	"mlConst":	0.000000,
	"clConst":	0.000000
},
{
	"iterTerminate":	20.200001,
	"cost":	52970.656250,
	"reachLocalMinimal":	1.000000,
	"nConstraintOriginal":	18246.000000,
	"nConstraintDeduced":	2675993.000000,
	"nMLStart":	817396.000000,
	"nCLStart":	4534590.000000,
	"nMLViolation":	0.000000,
	"nCLViolation":	0.000000,
	"vMeasure":	0.524327,
	"duration":	101797.000000,
	"mlConst":	0.000000,
	"clConst":	0.000000
},
{
	"iterTerminate":	22.600000,
	"cost":	53024.488281,
	"reachLocalMinimal":	1.000000,
	"nConstraintOriginal":	19409.000000,
	"nConstraintDeduced":	2854364.000000,
	"nMLStart":	940722.000000,
	"nCLStart":	4768006.000000,
	"nMLViolation":	0.000000,
	"nCLViolation":	0.000000,
	"vMeasure":	0.537228,
	"duration":	117551.796875,
	"mlConst":	0.000000,
	"clConst":	0.000000
},
{
	"iterTerminate":	11.800000,
	"cost":	54241.179688,
	"reachLocalMinimal":	1.000000,
	"nConstraintOriginal":	21683.000000,
	"nConstraintDeduced":	3065094.000000,
	"nMLStart":	966100.000000,
	"nCLStart":	5164088.000000,
	"nMLViolation":	0.000000,
	"nCLViolation":	1382.400024,
	"vMeasure":	0.564010,
	"duration":	68000.796875,
	"mlConst":	0.000000,
	"clConst":	0.000000
},
{
	"iterTerminate":	25.600000,
	"cost":	53062.398438,
	"reachLocalMinimal":	1.000000,
	"nConstraintOriginal":	23452.000000,
	"nConstraintDeduced":	2815650.000000,
	"nMLStart":	838254.000000,
	"nCLStart":	4793046.000000,
	"nMLViolation":	0.800000,
	"nCLViolation":	0.000000,
	"vMeasure":	0.540655,
	"duration":	131502.406250,
	"mlConst":	0.000000,
	"clConst":	0.000000
},
{
	"iterTerminate":	16.600000,
	"cost":	53094.406250,
	"reachLocalMinimal":	1.000000,
	"nConstraintOriginal":	24165.000000,
	"nConstraintDeduced":	3294028.000000,
	"nMLStart":	1031294.000000,
	"nCLStart":	5556762.000000,
	"nMLViolation":	0.400000,
	"nCLViolation":	0.000000,
	"vMeasure":	0.576630,
	"duration":	96234.601562,
	"mlConst":	0.000000,
	"clConst":	0.000000
},
{
	"iterTerminate":	22.600000,
	"cost":	53159.156250,
	"reachLocalMinimal":	1.000000,
	"nConstraintOriginal":	27026.000000,
	"nConstraintDeduced":	3496427.250000,
	"nMLStart":	1052782.000000,
	"nCLStart":	5940072.000000,
	"nMLViolation":	0.000000,
	"nCLViolation":	0.000000,
	"vMeasure":	0.597879,
	"duration":	132003.593750,
	"mlConst":	0.000000,
	"clConst":	0.000000
},
{
	"iterTerminate":	28.600000,
	"cost":	52122.792969,
	"reachLocalMinimal":	1.000000,
	"nConstraintOriginal":	2781.000000,
	"nConstraintDeduced":	90444.000000,
	"nMLStart":	54672.000000,
	"nCLStart":	126216.000000,
	"nMLViolation":	18.000000,
	"nCLViolation":	0.000000,
	"vMeasure":	0.181297,
	"duration":	77914.398438,
	"mlConst":	0.000000,
	"clConst":	0.000000
},
{
	"iterTerminate":	24.799999,
	"cost":	52147.824219,
	"reachLocalMinimal":	1.000000,
	"nConstraintOriginal":	2908.000000,
	"nConstraintDeduced":	184997.000000,
	"nMLStart":	95332.000000,
	"nCLStart":	274662.000000,
	"nMLViolation":	2.800000,
	"nCLViolation":	0.000000,
	"vMeasure":	0.217321,
	"duration":	69295.203125,
	"mlConst":	0.000000,
	"clConst":	0.000000
},
{
	"iterTerminate":	13.200000,
	"cost":	53180.687500,
	"reachLocalMinimal":	1.000000,
	"nConstraintOriginal":	29531.000000,
	"nConstraintDeduced":	4284077.000000,
	"nMLStart":	1247778.000000,
	"nCLStart":	7320376.000000,
	"nMLViolation":	0.000000,
	"nCLViolation":	0.000000,
	"vMeasure":	0.673769,
	"duration":	93982.000000,
	"mlConst":	0.000000,
	"clConst":	0.000000
},
{
	"iterTerminate":	19.600000,
	"cost":	53214.636719,
	"reachLocalMinimal":	1.000000,
	"nConstraintOriginal":	31761.000000,
	"nConstraintDeduced":	4116382.000000,
	"nMLStart":	1180224.000000,
	"nCLStart":	7052540.000000,
	"nMLViolation":	0.000000,
	"nCLViolation":	0.000000,
	"vMeasure":	0.643599,
	"duration":	130089.203125,
	"mlConst":	0.000000,
	"clConst":	0.000000
},
{
	"iterTerminate":	17.799999,
	"cost":	53207.667969,
	"reachLocalMinimal":	1.000000,
	"nConstraintOriginal":	34460.000000,
	"nConstraintDeduced":	4029404.750000,
	"nMLStart":	1216478.000000,
	"nCLStart":	6842332.000000,
	"nMLViolation":	0.000000,
	"nCLViolation":	0.000000,
	"vMeasure":	0.651151,
	"duration":	116577.000000,
	"mlConst":	0.000000,
	"clConst":	0.000000
},
{
	"iterTerminate":	16.799999,
	"cost":	53187.074219,
	"reachLocalMinimal":	1.000000,
	"nConstraintOriginal":	37489.000000,
	"nConstraintDeduced":	4094091.250000,
	"nMLStart":	1221736.000000,
	"nCLStart":	6966446.500000,
	"nMLViolation":	0.000000,
	"nCLViolation":	0.000000,
	"vMeasure":	0.662834,
	"duration":	111668.601562,
	"mlConst":	0.000000,
	"clConst":	0.000000
},
{
	"iterTerminate":	15.400000,
	"cost":	53221.187500,
	"reachLocalMinimal":	1.000000,
	"nConstraintOriginal":	39037.000000,
	"nConstraintDeduced":	4542382.000000,
	"nMLStart":	1272464.000000,
	"nCLStart":	7812300.000000,
	"nMLViolation":	0.000000,
	"nCLViolation":	0.000000,
	"vMeasure":	0.703846,
	"duration":	110405.796875,
	"mlConst":	0.000000,
	"clConst":	0.000000
},
{
	"iterTerminate":	13.200000,
	"cost":	53247.582031,
	"reachLocalMinimal":	1.000000,
	"nConstraintOriginal":	40350.000000,
	"nConstraintDeduced":	4707846.000000,
	"nMLStart":	1355592.000000,
	"nCLStart":	8060100.000000,
	"nMLViolation":	0.000000,
	"nCLViolation":	0.000000,
	"vMeasure":	0.721815,
	"duration":	100881.000000,
	"mlConst":	0.000000,
	"clConst":	0.000000
},
{
	"iterTerminate":	12.400000,
	"cost":	53248.101562,
	"reachLocalMinimal":	1.000000,
	"nConstraintOriginal":	42937.000000,
	"nConstraintDeduced":	4432150.000000,
	"nMLStart":	1303332.000000,
	"nCLStart":	7560968.000000,
	"nMLViolation":	0.000000,
	"nCLViolation":	0.000000,
	"vMeasure":	0.689882,
	"duration":	88692.203125,
	"mlConst":	0.000000,
	"clConst":	0.000000
},
{
	"iterTerminate":	25.200001,
	"cost":	52348.878906,
	"reachLocalMinimal":	1.000000,
	"nConstraintOriginal":	4319.000000,
	"nConstraintDeduced":	343116.000000,
	"nMLStart":	143478.000000,
	"nCLStart":	542754.000000,
	"nMLViolation":	1.200000,
	"nCLViolation":	0.000000,
	"vMeasure":	0.238231,
	"duration":	74404.000000,
	"mlConst":	0.000000,
	"clConst":	0.000000
},
{
	"iterTerminate":	12.800000,
	"cost":	53302.898438,
	"reachLocalMinimal":	1.000000,
	"nConstraintOriginal":	47269.000000,
	"nConstraintDeduced":	4809576.000000,
	"nMLStart":	1398780.000000,
	"nCLStart":	8220372.000000,
	"nMLViolation":	0.000000,
	"nCLViolation":	0.000000,
	"vMeasure":	0.720085,
	"duration":	96543.398438,
	"mlConst":	0.000000,
	"clConst":	0.000000
},
{
	"iterTerminate":	20.600000,
	"cost":	52277.828125,
	"reachLocalMinimal":	1.000000,
	"nConstraintOriginal":	4919.000000,
	"nConstraintDeduced":	303960.000000,
	"nMLStart":	116858.000000,
	"nCLStart":	491062.000000,
	"nMLViolation":	10.000000,
	"nCLViolation":	0.000000,
	"vMeasure":	0.222090,
	"duration":	60451.601562,
	"mlConst":	0.000000,
	"clConst":	0.000000
},
{
	"iterTerminate":	13.000000,
	"cost":	53288.664062,
	"reachLocalMinimal":	1.000000,
	"nConstraintOriginal":	49758.000000,
	"nConstraintDeduced":	5012024.000000,
	"nMLStart":	1369030.000000,
	"nCLStart":	8655018.000000,
	"nMLViolation":	0.000000,
	"nCLViolation":	0.000000,
	"vMeasure":	0.755362,
	"duration":	104531.203125,
	"mlConst":	0.000000,
	"clConst":	0.000000
},
{
	"iterTerminate":	14.800000,
	"cost":	53277.445312,
	"reachLocalMinimal":	1.000000,
	"nConstraintOriginal":	53469.000000,
	"nConstraintDeduced":	5041900.000000,
	"nMLStart":	1389236.000000,
	"nCLStart":	8694564.000000,
	"nMLViolation":	0.000000,
	"nCLViolation":	0.000000,
	"vMeasure":	0.745067,
	"duration":	115665.203125,
	"mlConst":	0.000000,
	"clConst":	0.000000
},
{
	"iterTerminate":	8.000000,
	"cost":	56623.800781,
	"reachLocalMinimal":	1.000000,
	"nConstraintOriginal":	54784.000000,
	"nConstraintDeduced":	4917618.000000,
	"nMLStart":	1396482.000000,
	"nCLStart":	8438754.000000,
	"nMLViolation":	0.000000,
	"nCLViolation":	3327.600098,
	"vMeasure":	0.737026,
	"duration":	66134.203125,
	"mlConst":	0.000000,
	"clConst":	0.000000
},
{
	"iterTerminate":	4.600000,
	"cost":	422046.406250,
	"reachLocalMinimal":	1.000000,
	"nConstraintOriginal":	60271.000000,
	"nConstraintDeduced":	5751136.000000,
	"nMLStart":	1536070.000000,
	"nCLStart":	9966202.000000,
	"nMLViolation":	22916.800781,
	"nCLViolation":	30768.800781,
	"vMeasure":	0.796585,
	"duration":	46993.199219,
	"mlConst":	0.000000,
	"clConst":	0.000000
},
{
	"iterTerminate":	25.400000,
	"cost":	52501.320312,
	"reachLocalMinimal":	1.000000,
	"nConstraintOriginal":	6119.000000,
	"nConstraintDeduced":	757159.000000,
	"nMLStart":	303936.000000,
	"nCLStart":	1210382.000000,
	"nMLViolation":	6.000000,
	"nCLViolation":	0.000000,
	"vMeasure":	0.304246,
	"duration":	85755.398438,
	"mlConst":	0.000000,
	"clConst":	0.000000
},
{
	"iterTerminate":	23.000000,
	"cost":	52400.210938,
	"reachLocalMinimal":	1.000000,
	"nConstraintOriginal":	6347.000000,
	"nConstraintDeduced":	542445.000000,
	"nMLStart":	218344.000000,
	"nCLStart":	866546.000000,
	"nMLViolation":	2.000000,
	"nCLViolation":	0.000000,
	"vMeasure":	0.254761,
	"duration":	72460.796875,
	"mlConst":	0.000000,
	"clConst":	0.000000
},
{
	"iterTerminate":	10.800000,
	"cost":	53327.980469,
	"reachLocalMinimal":	1.000000,
	"nConstraintOriginal":	64773.000000,
	"nConstraintDeduced":	5572791.000000,
	"nMLStart":	1517618.000000,
	"nCLStart":	9627964.000000,
	"nMLViolation":	0.000000,
	"nCLViolation":	0.000000,
	"vMeasure":	0.795632,
	"duration":	96335.203125,
	"mlConst":	0.000000,
	"clConst":	0.000000
},
{
	"iterTerminate":	10.000000,
	"cost":	144180.203125,
	"reachLocalMinimal":	1.000000,
	"nConstraintOriginal":	66039.000000,
	"nConstraintDeduced":	5374281.000000,
	"nMLStart":	1466440.000000,
	"nCLStart":	9282122.000000,
	"nMLViolation":	8311.599609,
	"nCLViolation":	6914.399902,
	"vMeasure":	0.779598,
	"duration":	86462.601562,
	"mlConst":	0.000000,
	"clConst":	0.000000
},
{
	"iterTerminate":	8.600000,
	"cost":	270786.812500,
	"reachLocalMinimal":	1.000000,
	"nConstraintOriginal":	68555.000000,
	"nConstraintDeduced":	5612925.000000,
	"nMLStart":	1542856.000000,
	"nCLStart":	9682994.000000,
	"nMLViolation":	6212.399902,
	"nCLViolation":	11851.200195,
	"vMeasure":	0.790256,
	"duration":	76834.203125,
	"mlConst":	0.000000,
	"clConst":	0.000000
},
{
	"iterTerminate":	10.000000,
	"cost":	53311.093750,
	"reachLocalMinimal":	1.000000,
	"nConstraintOriginal":	70051.000000,
	"nConstraintDeduced":	5423571.000000,
	"nMLStart":	1506324.000000,
	"nCLStart":	9340818.000000,
	"nMLViolation":	0.000000,
	"nCLViolation":	0.000000,
	"vMeasure":	0.790955,
	"duration":	86744.203125,
	"mlConst":	0.000000,
	"clConst":	0.000000
},
{
	"iterTerminate":	10.400000,
	"cost":	53342.644531,
	"reachLocalMinimal":	1.000000,
	"nConstraintOriginal":	74080.000000,
	"nConstraintDeduced":	5552778.000000,
	"nMLStart":	1491596.000000,
	"nCLStart":	9613960.000000,
	"nMLViolation":	0.000000,
	"nCLViolation":	0.000000,
	"vMeasure":	0.808570,
	"duration":	93010.796875,
	"mlConst":	0.000000,
	"clConst":	0.000000
},
{
	"iterTerminate":	6.000000,
	"cost":	81401.539062,
	"reachLocalMinimal":	1.000000,
	"nConstraintOriginal":	76928.000000,
	"nConstraintDeduced":	5984070.000000,
	"nMLStart":	1628510.000000,
	"nCLStart":	10339630.000000,
	"nMLViolation":	7794.000000,
	"nCLViolation":	8840.400391,
	"vMeasure":	0.838402,
	"duration":	61320.398438,
	"mlConst":	0.000000,
	"clConst":	0.000000
},
{
	"iterTerminate":	19.000000,
	"cost":	52690.917969,
	"reachLocalMinimal":	1.000000,
	"nConstraintOriginal":	8181.000000,
	"nConstraintDeduced":	1122924.000000,
	"nMLStart":	405690.000000,
	"nCLStart":	1840158.000000,
	"nMLViolation":	0.400000,
	"nCLViolation":	0.000000,
	"vMeasure":	0.347537,
	"duration":	68553.796875,
	"mlConst":	0.000000,
	"clConst":	0.000000
},
{
	"iterTerminate":	9.200000,
	"cost":	53398.187500,
	"reachLocalMinimal":	1.000000,
	"nConstraintOriginal":	81849.000000,
	"nConstraintDeduced":	6221628.000000,
	"nMLStart":	1642030.000000,
	"nCLStart":	10801226.000000,
	"nMLViolation":	0.000000,
	"nCLViolation":	0.000000,
	"vMeasure":	0.855421,
	"duration":	92633.203125,
	"mlConst":	0.000000,
	"clConst":	0.000000
},
{
	"iterTerminate":	9.400000,
	"cost":	53358.324219,
	"reachLocalMinimal":	1.000000,
	"nConstraintOriginal":	85480.000000,
	"nConstraintDeduced":	5908203.000000,
	"nMLStart":	1604998.000000,
	"nCLStart":	10211408.000000,
	"nMLViolation":	0.000000,
	"nCLViolation":	0.000000,
	"vMeasure":	0.826053,
	"duration":	88485.601562,
	"mlConst":	0.000000,
	"clConst":	0.000000
},
{
	"iterTerminate":	10.000000,
	"cost":	53339.179688,
	"reachLocalMinimal":	1.000000,
	"nConstraintOriginal":	86864.000000,
	"nConstraintDeduced":	5867025.000000,
	"nMLStart":	1575036.000000,
	"nCLStart":	10159014.000000,
	"nMLViolation":	0.000000,
	"nCLViolation":	0.000000,
	"vMeasure":	0.827988,
	"duration":	93658.601562,
	"mlConst":	0.000000,
	"clConst":	0.000000
},
{
	"iterTerminate":	26.799999,
	"cost":	52727.082031,
	"reachLocalMinimal":	1.000000,
	"nConstraintOriginal":	9066.000000,
	"nConstraintDeduced":	1253458.000000,
	"nMLStart":	399474.000000,
	"nCLStart":	2107442.000000,
	"nMLViolation":	2.400000,
	"nCLViolation":	0.000000,
	"vMeasure":	0.352086,
	"duration":	98050.000000,
	"mlConst":	0.000000,
	"clConst":	0.000000
},
{
	"iterTerminate":	9.600000,
	"cost":	53371.531250,
	"reachLocalMinimal":	1.000000,
	"nConstraintOriginal":	93265.000000,
	"nConstraintDeduced":	6032601.000000,
	"nMLStart":	1638362.000000,
	"nCLStart":	10426840.000000,
	"nMLViolation":	0.000000,
	"nCLViolation":	0.000000,
	"vMeasure":	0.845495,
	"duration":	93278.796875,
	"mlConst":	0.000000,
	"clConst":	0.000000
},
{
	"iterTerminate":	7.800000,
	"cost":	53421.507812,
	"reachLocalMinimal":	1.000000,
	"nConstraintOriginal":	99702.000000,
	"nConstraintDeduced":	6056940.000000,
	"nMLStart":	1640254.000000,
	"nCLStart":	10473626.000000,
	"nMLViolation":	44.400002,
	"nCLViolation":	28.799999,
	"vMeasure":	0.841425,
	"duration":	77285.000000,
	"mlConst":	0.000000,
	"clConst":	0.000000
}
]