[
{
	"iterTerminate":	13.400000,
	"cost":	18157.802734,
	"reachLocalMinimal":	1.000000,
	"nConstraintOriginal":	1021.000000,
	"nConstraintDeduced":	4029.000000,
	"nMLStart":	1412.000000,
	"nCLStart":	6642.000000,
	"nMLViolation":	135.199997,
	"nCLViolation":	21.600000,
	"vMeasure":	0.396160,
	"duration":	4619.000000,
	"mlConst":	0.000000,
	"clConst":	0.000000
},
{
	"iterTerminate":	14.300000,
	"cost":	18457.992188,
	"reachLocalMinimal":	1.000000,
	"nConstraintOriginal":	1036.000000,
	"nConstraintDeduced":	5868.000000,
	"nMLStart":	2296.000000,
	"nCLStart":	9434.000000,
	"nMLViolation":	67.000000,
	"nCLViolation":	15.200000,
	"vMeasure":	0.406039,
	"duration":	4877.000000,
	"mlConst":	0.000000,
	"clConst":	0.000000
},
{
	"iterTerminate":	11.000000,
	"cost":	18057.394531,
	"reachLocalMinimal":	1.000000,
	"nConstraintOriginal":	1046.000000,
	"nConstraintDeduced":	3707.000000,
	"nMLStart":	1354.000000,
	"nCLStart":	6056.000000,
	"nMLViolation":	137.800003,
	"nCLViolation":	15.000000,
	"vMeasure":	0.359470,
	"duration":	3828.199951,
	"mlConst":	0.000000,
	"clConst":	0.000000
},
{
	"iterTerminate":	8.100000,
	"cost":	18387.763672,
	"reachLocalMinimal":	1.000000,
	"nConstraintOriginal":	1176.000000,
	"nConstraintDeduced":	14670.000000,
	"nMLStart":	4242.000000,
	"nCLStart":	25094.000000,
	"nMLViolation":	64.800003,
	"nCLViolation":	20.600000,
	"vMeasure":	0.481620,
	"duration":	2869.500000,
	"mlConst":	0.000000,
	"clConst":	0.000000
},
{
	"iterTerminate":	9.700000,
	"cost":	18291.427734,
	"reachLocalMinimal":	1.000000,
	"nConstraintOriginal":	1207.000000,
	"nConstraintDeduced":	5782.000000,
	"nMLStart":	1852.000000,
	"nCLStart":	9704.000000,
	"nMLViolation":	102.800003,
	"nCLViolation":	14.400000,
	"vMeasure":	0.431697,
	"duration":	3375.000000,
	"mlConst":	0.000000,
	"clConst":	0.000000
},
{
	"iterTerminate":	20.000000,
	"cost":	17957.998047,
	"reachLocalMinimal":	1.000000,
	"nConstraintOriginal":	122.000000,
	"nConstraintDeduced":	130.000000,
	"nMLStart":	108.000000,
	"nCLStart":	152.000000,
	"nMLViolation":	19.799999,
	"nCLViolation":	7.400000,
	"vMeasure":	0.361014,
	"duration":	6643.799805,
	"mlConst":	0.000000,
	"clConst":	0.000000
},
{
	"iterTerminate":	9.900000,
	"cost":	18529.332031,
	"reachLocalMinimal":	1.000000,
	"nConstraintOriginal":	1323.000000,
	"nConstraintDeduced":	22742.000000,
	"nMLStart":	4884.000000,
	"nCLStart":	40594.000000,
	"nMLViolation":	59.599998,
	"nCLViolation":	23.200001,
	"vMeasure":	0.431232,
	"duration":	3486.000000,
	"mlConst":	0.000000,
	"clConst":	0.000000
},
{
	"iterTerminate":	10.500000,
	"cost":	18493.220703,
	"reachLocalMinimal":	1.000000,
	"nConstraintOriginal":	1350.000000,
	"nConstraintDeduced":	8963.000000,
	"nMLStart":	2286.000000,
	"nCLStart":	15634.000000,
	"nMLViolation":	66.400002,
	"nCLViolation":	25.200001,
	"vMeasure":	0.423654,
	"duration":	3649.199951,
	"mlConst":	0.000000,
	"clConst":	0.000000
},
{
	"iterTerminate":	13.000000,
	"cost":	18442.328125,
	"reachLocalMinimal":	1.000000,
	"nConstraintOriginal":	1377.000000,
	"nConstraintDeduced":	13326.000000,
	"nMLStart":	3084.000000,
	"nCLStart":	23558.000000,
	"nMLViolation":	47.599998,
	"nCLViolation":	15.600000,
	"vMeasure":	0.467416,
	"duration":	4497.000000,
	"mlConst":	0.000000,
	"clConst":	0.000000
},
{
	"iterTerminate":	18.799999,
	"cost":	17838.554688,
	"reachLocalMinimal":	1.000000,
	"nConstraintOriginal":	153.000000,
	"nConstraintDeduced":	158.000000,
	"nMLStart":	94.000000,
	"nCLStart":	220.000000,
	"nMLViolation":	24.000000,
	"nCLViolation":	4.000000,
	"vMeasure":	0.348223,
	"duration":	6320.500000,
	"mlConst":	0.000000,
	"clConst":	0.000000
},
{
	"iterTerminate":	9.300000,
	"cost":	18625.123047,
	"reachLocalMinimal":	1.000000,
	"nConstraintOriginal":	1570.000000,
	"nConstraintDeduced":	40459.000000,
	"nMLStart":	6918.000000,
	"nCLStart":	73996.000000,
	"nMLViolation":	38.799999,
	"nCLViolation":	28.799999,
	"vMeasure":	0.459233,
	"duration":	3416.500000,
	"mlConst":	0.000000,
	"clConst":	0.000000
},
{
	"iterTerminate":	10.500000,
	"cost":	18600.783203,
	"reachLocalMinimal":	1.000000,
	"nConstraintOriginal":	1644.000000,
	"nConstraintDeduced":	46146.000000,
	"nMLStart":	8278.000000,
	"nCLStart":	84006.000000,
	"nMLViolation":	39.200001,
	"nCLViolation":	20.000000,
	"vMeasure":	0.502194,
	"duration":	3882.500000,
	"mlConst":	0.000000,
	"clConst":	0.000000
},
{
	"iterTerminate":	8.400000,
	"cost":	22161.601562,
	"reachLocalMinimal":	1.000000,
	"nConstraintOriginal":	1697.000000,
	"nConstraintDeduced":	46756.000000,
	"nMLStart":	8470.000000,
	"nCLStart":	85032.000000,
	"nMLViolation":	162.600006,
	"nCLViolation":	94.400002,
	"vMeasure":	0.505536,
	"duration":	3203.899902,
	"mlConst":	0.000000,
	"clConst":	0.000000
},
{
	"iterTerminate":	16.100000,
	"cost":	17764.277344,
	"reachLocalMinimal":	1.000000,
	"nConstraintOriginal":	171.000000,
	"nConstraintDeduced":	184.000000,
	"nMLStart":	104.000000,
	"nCLStart":	264.000000,
	"nMLViolation":	40.000000,
	"nCLViolation":	5.600000,
	"vMeasure":	0.325418,
	"duration":	5362.399902,
	"mlConst":	0.000000,
	"clConst":	0.000000
},
{
	"iterTerminate":	6.100000,
	"cost":	18548.146484,
	"reachLocalMinimal":	1.000000,
	"nConstraintOriginal":	1735.000000,
	"nConstraintDeduced":	63758.000000,
	"nMLStart":	9848.000000,
	"nCLStart":	117658.000000,
	"nMLViolation":	30.400000,
	"nCLViolation":	15.600000,
	"vMeasure":	0.590765,
	"duration":	2382.199951,
	"mlConst":	0.000000,
	"clConst":	0.000000
},
{
	"iterTerminate":	10.800000,
	"cost":	18611.207031,
	"reachLocalMinimal":	1.000000,
	"nConstraintOriginal":	1787.000000,
	"nConstraintDeduced":	59760.000000,
	"nMLStart":	8882.000000,
	"nCLStart":	110616.000000,
	"nMLViolation":	32.200001,
	"nCLViolation":	11.400000,
	"vMeasure":	0.526223,
	"duration":	4107.500000,
	"mlConst":	0.000000,
	"clConst":	0.000000
},
{
	"iterTerminate":	9.900000,
	"cost":	18673.208984,
	"reachLocalMinimal":	1.000000,
	"nConstraintOriginal":	1804.000000,
	"nConstraintDeduced":	67086.000000,
	"nMLStart":	9764.000000,
	"nCLStart":	124400.000000,
	"nMLViolation":	40.599998,
	"nCLViolation":	20.200001,
	"vMeasure":	0.514220,
	"duration":	3843.300049,
	"mlConst":	0.000000,
	"clConst":	0.000000
},
{
	"iterTerminate":	9.000000,
	"cost":	18524.345703,
	"reachLocalMinimal":	1.000000,
	"nConstraintOriginal":	1844.000000,
	"nConstraintDeduced":	58091.000000,
	"nMLStart":	10510.000000,
	"nCLStart":	105662.000000,
	"nMLViolation":	41.599998,
	"nCLViolation":	19.000000,
	"vMeasure":	0.494276,
	"duration":	3478.500000,
	"mlConst":	0.000000,
	"clConst":	0.000000
},
{
	"iterTerminate":	8.600000,
	"cost":	18607.105469,
	"reachLocalMinimal":	1.000000,
	"nConstraintOriginal":	1848.000000,
	"nConstraintDeduced":	103241.000000,
	"nMLStart":	16500.000000,
	"nCLStart":	189972.000000,
	"nMLViolation":	29.200001,
	"nCLViolation":	15.000000,
	"vMeasure":	0.587619,
	"duration":	3808.300049,
	"mlConst":	0.000000,
	"clConst":	0.000000
},
{
	"iterTerminate":	10.400000,
	"cost":	18709.091797,
	"reachLocalMinimal":	1.000000,
	"nConstraintOriginal":	1910.000000,
	"nConstraintDeduced":	84917.000000,
	"nMLStart":	12984.000000,
	"nCLStart":	156838.000000,
	"nMLViolation":	33.400002,
	"nCLViolation":	21.000000,
	"vMeasure":	0.526196,
	"duration":	4300.399902,
	"mlConst":	0.000000,
	"clConst":	0.000000
},
{
	"iterTerminate":	12.400000,
	"cost":	18651.169922,
	"reachLocalMinimal":	1.000000,
	"nConstraintOriginal":	1973.000000,
	"nConstraintDeduced":	88088.000000,
	"nMLStart":	12362.000000,
	"nCLStart":	163806.000000,
	"nMLViolation":	25.000000,
	"nCLViolation":	18.200001,
	"vMeasure":	0.500457,
	"duration":	5136.000000,
	"mlConst":	0.000000,
	"clConst":	0.000000
},
{
	"iterTerminate":	10.000000,
	"cost":	18662.972656,
	"reachLocalMinimal":	1.000000,
	"nConstraintOriginal":	2030.000000,
	"nConstraintDeduced":	124302.000000,
	"nMLStart":	17512.000000,
	"nCLStart":	231078.000000,
	"nMLViolation":	29.000000,
	"nCLViolation":	24.600000,
	"vMeasure":	0.596416,
	"duration":	4408.399902,
	"mlConst":	0.000000,
	"clConst":	0.000000
},
{
	"iterTerminate":	9.300000,
	"cost":	18531.550781,
	"reachLocalMinimal":	1.000000,
	"nConstraintOriginal":	2146.000000,
	"nConstraintDeduced":	129955.000000,
	"nMLStart":	17304.000000,
	"nCLStart":	242596.000000,
	"nMLViolation":	18.000000,
	"nCLViolation":	12.800000,
	"vMeasure":	0.652032,
	"duration":	4352.299805,
	"mlConst":	0.000000,
	"clConst":	0.000000
},
{
	"iterTerminate":	20.000000,
	"cost":	17861.003906,
	"reachLocalMinimal":	1.000000,
	"nConstraintOriginal":	214.000000,
	"nConstraintDeduced":	229.000000,
	"nMLStart":	152.000000,
	"nCLStart":	302.000000,
	"nMLViolation":	50.799999,
	"nCLViolation":	6.000000,
	"vMeasure":	0.339401,
	"duration":	6975.299805,
	"mlConst":	0.000000,
	"clConst":	0.000000
},
{
	"iterTerminate":	9.100000,
	"cost":	28938.011719,
	"reachLocalMinimal":	1.000000,
	"nConstraintOriginal":	2203.000000,
	"nConstraintDeduced":	155570.000000,
	"nMLStart":	22872.000000,
	"nCLStart":	288258.000000,
	"nMLViolation":	346.600006,
	"nCLViolation":	522.000000,
	"vMeasure":	0.637997,
	"duration":	4840.799805,
	"mlConst":	0.000000,
	"clConst":	0.000000
},
{
	"iterTerminate":	20.000000,
	"cost":	17850.082031,
	"reachLocalMinimal":	1.000000,
	"nConstraintOriginal":	225.000000,
	"nConstraintDeduced":	248.000000,
	"nMLStart":	160.000000,
	"nCLStart":	336.000000,
	"nMLViolation":	43.200001,
	"nCLViolation":	3.200000,
	"vMeasure":	0.333162,
	"duration":	6938.700195,
	"mlConst":	0.000000,
	"clConst":	0.000000
},
{
	"iterTerminate":	7.700000,
	"cost":	37449.429688,
	"reachLocalMinimal":	1.000000,
	"nConstraintOriginal":	2273.000000,
	"nConstraintDeduced":	186180.000000,
	"nMLStart":	28986.000000,
	"nCLStart":	343366.000000,
	"nMLViolation":	546.200012,
	"nCLViolation":	829.799988,
	"vMeasure":	0.705580,
	"duration":	4341.600098,
	"mlConst":	0.000000,
	"clConst":	0.000000
},
{
	"iterTerminate":	8.400000,
	"cost":	18544.824219,
	"reachLocalMinimal":	1.000000,
	"nConstraintOriginal":	2288.000000,
	"nConstraintDeduced":	181143.000000,
	"nMLStart":	25806.000000,
	"nCLStart":	336472.000000,
	"nMLViolation":	14.800000,
	"nCLViolation":	14.200000,
	"vMeasure":	0.721659,
	"duration":	4469.100098,
	"mlConst":	0.000000,
	"clConst":	0.000000
},
{
	"iterTerminate":	14.100000,
	"cost":	17844.312500,
	"reachLocalMinimal":	1.000000,
	"nConstraintOriginal":	234.000000,
	"nConstraintDeduced":	253.000000,
	"nMLStart":	144.000000,
	"nCLStart":	358.000000,
	"nMLViolation":	49.599998,
	"nCLViolation":	2.000000,
	"vMeasure":	0.332130,
	"duration":	4794.299805,
	"mlConst":	0.000000,
	"clConst":	0.000000
},
{
	"iterTerminate":	8.500000,
	"cost":	18527.097656,
	"reachLocalMinimal":	1.000000,
	"nConstraintOriginal":	2390.000000,
	"nConstraintDeduced":	217502.000000,
	"nMLStart":	35388.000000,
	"nCLStart":	399600.000000,
	"nMLViolation":	19.600000,
	"nCLViolation":	17.600000,
	"vMeasure":	0.728913,
	"duration":	5217.899902,
	"mlConst":	0.000000,
	"clConst":	0.000000
},
{
	"iterTerminate":	6.800000,
	"cost":	42085.804688,
	"reachLocalMinimal":	1.000000,
	"nConstraintOriginal":	2476.000000,
	"nConstraintDeduced":	226694.000000,
	"nMLStart":	35422.000000,
	"nCLStart":	417948.000000,
	"nMLViolation":	291.000000,
	"nCLViolation":	535.799988,
	"vMeasure":	0.765727,
	"duration":	4363.399902,
	"mlConst":	0.000000,
	"clConst":	0.000000
},
{
	"iterTerminate":	16.600000,
	"cost":	17968.845703,
	"reachLocalMinimal":	1.000000,
	"nConstraintOriginal":	249.000000,
	"nConstraintDeduced":	268.000000,
	"nMLStart":	196.000000,
	"nCLStart":	340.000000,
	"nMLViolation":	57.200001,
	"nCLViolation":	8.200000,
	"vMeasure":	0.334628,
	"duration":	5656.899902,
	"mlConst":	0.000000,
	"clConst":	0.000000
},
{
	"iterTerminate":	7.500000,
	"cost":	18570.703125,
	"reachLocalMinimal":	1.000000,
	"nConstraintOriginal":	2583.000000,
	"nConstraintDeduced":	224613.000000,
	"nMLStart":	34260.000000,
	"nCLStart":	414954.000000,
	"nMLViolation":	15.600000,
	"nCLViolation":	4.800000,
	"vMeasure":	0.759801,
	"duration":	4475.299805,
	"mlConst":	0.000000,
	"clConst":	0.000000
},
{
	"iterTerminate":	14.400000,
	"cost":	17893.773438,
	"reachLocalMinimal":	1.000000,
	"nConstraintOriginal":	260.000000,
	"nConstraintDeduced":	272.000000,
	"nMLStart":	150.000000,
	"nCLStart":	392.000000,
	"nMLViolation":	54.000000,
	"nCLViolation":	10.800000,
	"vMeasure":	0.315148,
	"duration":	4865.600098,
	"mlConst":	0.000000,
	"clConst":	0.000000
},
{
	"iterTerminate":	19.200001,
	"cost":	17770.035156,
	"reachLocalMinimal":	1.000000,
	"nConstraintOriginal":	275.000000,
	"nConstraintDeduced":	331.000000,
	"nMLStart":	244.000000,
	"nCLStart":	418.000000,
	"nMLViolation":	76.599998,
	"nCLViolation":	6.600000,
	"vMeasure":	0.326407,
	"duration":	6468.500000,
	"mlConst":	0.000000,
	"clConst":	0.000000
},
{
	"iterTerminate":	5.600000,
	"cost":	81921.234375,
	"reachLocalMinimal":	1.000000,
	"nConstraintOriginal":	2765.000000,
	"nConstraintDeduced":	271242.000000,
	"nMLStart":	44404.000000,
	"nCLStart":	498062.000000,
	"nMLViolation":	945.599976,
	"nCLViolation":	1429.400024,
	"vMeasure":	0.782459,
	"duration":	3961.000000,
	"mlConst":	0.000000,
	"clConst":	0.000000
},
{
	"iterTerminate":	6.600000,
	"cost":	18521.464844,
	"reachLocalMinimal":	1.000000,
	"nConstraintOriginal":	2817.000000,
	"nConstraintDeduced":	278151.000000,
	"nMLStart":	45924.000000,
	"nCLStart":	510366.000000,
	"nMLViolation":	12.200000,
	"nCLViolation":	12.000000,
	"vMeasure":	0.819007,
	"duration":	4390.500000,
	"mlConst":	0.000000,
	"clConst":	0.000000
},
{
	"iterTerminate":	6.700000,
	"cost":	18518.613281,
	"reachLocalMinimal":	1.000000,
	"nConstraintOriginal":	2848.000000,
	"nConstraintDeduced":	295103.000000,
	"nMLStart":	50688.000000,
	"nCLStart":	539510.000000,
	"nMLViolation":	6.200000,
	"nCLViolation":	12.200000,
	"vMeasure":	0.833512,
	"duration":	4528.799805,
	"mlConst":	0.000000,
	"clConst":	0.000000
},
{
	"iterTerminate":	6.400000,
	"cost":	51874.429688,
	"reachLocalMinimal":	1.000000,
	"nConstraintOriginal":	2904.000000,
	"nConstraintDeduced":	294720.000000,
	"nMLStart":	47554.000000,
	"nCLStart":	541858.000000,
	"nMLViolation":	335.000000,
	"nCLViolation":	697.000000,
	"vMeasure":	0.837447,
	"duration":	4471.000000,
	"mlConst":	0.000000,
	"clConst":	0.000000
},
{
	"iterTerminate":	6.300000,
	"cost":	55247.636719,
	"reachLocalMinimal":	1.000000,
	"nConstraintOriginal":	2938.000000,
	"nConstraintDeduced":	311807.000000,
	"nMLStart":	53050.000000,
	"nCLStart":	570546.000000,
	"nMLViolation":	403.600006,
	"nCLViolation":	601.400024,
	"vMeasure":	0.840498,
	"duration":	4476.000000,
	"mlConst":	0.000000,
	"clConst":	0.000000
},
{
	"iterTerminate":	18.600000,
	"cost":	17838.757812,
	"reachLocalMinimal":	1.000000,
	"nConstraintOriginal":	296.000000,
	"nConstraintDeduced":	340.000000,
	"nMLStart":	226.000000,
	"nCLStart":	452.000000,
	"nMLViolation":	79.000000,
	"nCLViolation":	7.800000,
	"vMeasure":	0.328567,
	"duration":	6304.600098,
	"mlConst":	0.000000,
	"clConst":	0.000000
},
{
	"iterTerminate":	6.400000,
	"cost":	18545.697266,
	"reachLocalMinimal":	1.000000,
	"nConstraintOriginal":	3166.000000,
	"nConstraintDeduced":	328495.000000,
	"nMLStart":	56070.000000,
	"nCLStart":	600894.000000,
	"nMLViolation":	3.000000,
	"nCLViolation":	10.600000,
	"vMeasure":	0.882760,
	"duration":	4770.000000,
	"mlConst":	0.000000,
	"clConst":	0.000000
},
{
	"iterTerminate":	14.400000,
	"cost":	17920.689453,
	"reachLocalMinimal":	1.000000,
	"nConstraintOriginal":	323.000000,
	"nConstraintDeduced":	363.000000,
	"nMLStart":	246.000000,
	"nCLStart":	472.000000,
	"nMLViolation":	68.800003,
	"nCLViolation":	6.000000,
	"vMeasure":	0.327875,
	"duration":	4865.899902,
	"mlConst":	0.000000,
	"clConst":	0.000000
},
{
	"iterTerminate":	6.800000,
	"cost":	18544.140625,
	"reachLocalMinimal":	1.000000,
	"nConstraintOriginal":	3281.000000,
	"nConstraintDeduced":	325133.000000,
	"nMLStart":	54612.000000,
	"nCLStart":	595636.000000,
	"nMLViolation":	4.200000,
	"nCLViolation":	11.200000,
	"vMeasure":	0.878487,
	"duration":	5205.700195,
	"mlConst":	0.000000,
	"clConst":	0.000000
},
{
	"iterTerminate":	5.500000,
	"cost":	83979.078125,
	"reachLocalMinimal":	1.000000,
	"nConstraintOriginal":	3343.000000,
	"nConstraintDeduced":	368141.000000,
	"nMLStart":	69596.000000,
	"nCLStart":	666668.000000,
	"nMLViolation":	694.799988,
	"nCLViolation":	1045.800049,
	"vMeasure":	0.888741,
	"duration":	4539.000000,
	"mlConst":	0.000000,
	"clConst":	0.000000
},
{
	"iterTerminate":	5.600000,
	"cost":	60480.820312,
	"reachLocalMinimal":	1.000000,
	"nConstraintOriginal":	3484.000000,
	"nConstraintDeduced":	384017.000000,
	"nMLStart":	72506.000000,
	"nCLStart":	695512.000000,
	"nMLViolation":	430.600006,
	"nCLViolation":	758.799988,
	"vMeasure":	0.907419,
	"duration":	4757.700195,
	"mlConst":	0.000000,
	"clConst":	0.000000
},
{
	"iterTerminate":	6.111111,
	"cost":	35506.421875,
	"reachLocalMinimal":	1.000000,
	"nConstraintOriginal":	3502.000000,
	"nConstraintDeduced":	353772.000000,
	"nMLStart":	65138.000000,
	"nCLStart":	642380.000000,
	"nMLViolation":	413.111115,
	"nCLViolation":	696.222229,
	"vMeasure":	0.870352,
	"duration":	4759.111328,
	"mlConst":	0.000000,
	"clConst":	0.000000
},
{
	"iterTerminate":	6.100000,
	"cost":	18554.380859,
	"reachLocalMinimal":	1.000000,
	"nConstraintOriginal":	3561.000000,
	"nConstraintDeduced":	384069.000000,
	"nMLStart":	72470.000000,
	"nCLStart":	695646.000000,
	"nMLViolation":	3.600000,
	"nCLViolation":	10.400000,
	"vMeasure":	0.914935,
	"duration":	5177.399902,
	"mlConst":	0.000000,
	"clConst":	0.000000
},
{
	"iterTerminate":	5.900000,
	"cost":	49827.496094,
	"reachLocalMinimal":	1.000000,
	"nConstraintOriginal":	3653.000000,
	"nConstraintDeduced":	393792.000000,
	"nMLStart":	73226.000000,
	"nCLStart":	714336.000000,
	"nMLViolation":	397.399994,
	"nCLViolation":	684.200012,
	"vMeasure":	0.903789,
	"duration":	5203.200195,
	"mlConst":	0.000000,
	"clConst":	0.000000
},
{
	"iterTerminate":	14.300000,
	"cost":	17848.562500,
	"reachLocalMinimal":	1.000000,
	"nConstraintOriginal":	369.000000,
	"nConstraintDeduced":	437.000000,
	"nMLStart":	258.000000,
	"nCLStart":	608.000000,
	"nMLViolation":	76.599998,
	"nCLViolation":	6.800000,
	"vMeasure":	0.344964,
	"duration":	4822.000000,
	"mlConst":	0.000000,
	"clConst":	0.000000
},
{
	"iterTerminate":	17.900000,
	"cost":	18052.330078,
	"reachLocalMinimal":	1.000000,
	"nConstraintOriginal":	372.000000,
	"nConstraintDeduced":	494.000000,
	"nMLStart":	398.000000,
	"nCLStart":	590.000000,
	"nMLViolation":	41.799999,
	"nCLViolation":	7.000000,
	"vMeasure":	0.349698,
	"duration":	5980.799805,
	"mlConst":	0.000000,
	"clConst":	0.000000
},
{
	"iterTerminate":	7.400000,
	"cost":	18553.900391,
	"reachLocalMinimal":	1.000000,
	"nConstraintOriginal":	3835.000000,
	"nConstraintDeduced":	376640.000000,
	"nMLStart":	69618.000000,
	"nCLStart":	683638.000000,
	"nMLViolation":	3.600000,
	"nCLViolation":	2.800000,
	"vMeasure":	0.918690,
	"duration":	5818.299805,
	"mlConst":	0.000000,
	"clConst":	0.000000
},
{
	"iterTerminate":	4.700000,
	"cost":	119557.289062,
	"reachLocalMinimal":	1.000000,
	"nConstraintOriginal":	3940.000000,
	"nConstraintDeduced":	404062.000000,
	"nMLStart":	76418.000000,
	"nCLStart":	731682.000000,
	"nMLViolation":	765.200012,
	"nCLViolation":	1200.800049,
	"vMeasure":	0.895358,
	"duration":	4447.000000,
	"mlConst":	0.000000,
	"clConst":	0.000000
},
{
	"iterTerminate":	5.666667,
	"cost":	35528.984375,
	"reachLocalMinimal":	1.000000,
	"nConstraintOriginal":	4011.000000,
	"nConstraintDeduced":	412298.000000,
	"nMLStart":	80142.000000,
	"nCLStart":	744420.000000,
	"nMLViolation":	492.000000,
	"nCLViolation":	789.777771,
	"vMeasure":	0.924992,
	"duration":	5045.555664,
	"mlConst":	0.000000,
	"clConst":	0.000000
},
{
	"iterTerminate":	5.300000,
	"cost":	52281.457031,
	"reachLocalMinimal":	1.000000,
	"nConstraintOriginal":	4135.000000,
	"nConstraintDeduced":	410131.000000,
	"nMLStart":	77270.000000,
	"nCLStart":	742962.000000,
	"nMLViolation":	1392.599976,
	"nCLViolation":	2325.199951,
	"vMeasure":	0.905526,
	"duration":	5068.600098,
	"mlConst":	0.000000,
	"clConst":	0.000000
},
{
	"iterTerminate":	5.142857,
	"cost":	46417.429688,
	"reachLocalMinimal":	1.000000,
	"nConstraintOriginal":	4157.000000,
	"nConstraintDeduced":	413462.000000,
	"nMLStart":	78718.000000,
	"nCLStart":	748178.000000,
	"nMLViolation":	528.571411,
	"nCLViolation":	737.714294,
	"vMeasure":	0.939492,
	"duration":	4761.428711,
	"mlConst":	0.000000,
	"clConst":	0.000000
},
{
	"iterTerminate":	16.600000,
	"cost":	18013.312500,
	"reachLocalMinimal":	1.000000,
	"nConstraintOriginal":	420.000000,
	"nConstraintDeduced":	534.000000,
	"nMLStart":	364.000000,
	"nCLStart":	704.000000,
	"nMLViolation":	79.000000,
	"nCLViolation":	13.000000,
	"vMeasure":	0.323500,
	"duration":	5606.600098,
	"mlConst":	0.000000,
	"clConst":	0.000000
},
{
	"iterTerminate":	5.750000,
	"cost":	133096.187500,
	"reachLocalMinimal":	1.000000,
	"nConstraintOriginal":	4331.000000,
	"nConstraintDeduced":	419514.000000,
	"nMLStart":	80244.000000,
	"nCLStart":	758752.000000,
	"nMLViolation":	518.250000,
	"nCLViolation":	708.000000,
	"vMeasure":	0.928774,
	"duration":	5116.625000,
	"mlConst":	0.000000,
	"clConst":	0.000000
},
{
	"iterTerminate":	5.100000,
	"cost":	37192.742188,
	"reachLocalMinimal":	1.000000,
	"nConstraintOriginal":	4486.000000,
	"nConstraintDeduced":	435106.000000,
	"nMLStart":	84080.000000,
	"nCLStart":	786106.000000,
	"nMLViolation":	482.200012,
	"nCLViolation":	895.200012,
	"vMeasure":	0.953948,
	"duration":	4957.000000,
	"mlConst":	0.000000,
	"clConst":	0.000000
},
{
	"iterTerminate":	15.300000,
	"cost":	17925.144531,
	"reachLocalMinimal":	1.000000,
	"nConstraintOriginal":	448.000000,
	"nConstraintDeduced":	564.000000,
	"nMLStart":	364.000000,
	"nCLStart":	758.000000,
	"nMLViolation":	76.000000,
	"nCLViolation":	9.400000,
	"vMeasure":	0.336352,
	"duration":	5136.899902,
	"mlConst":	0.000000,
	"clConst":	0.000000
},
{
	"iterTerminate":	5.400000,
	"cost":	34260.000000,
	"reachLocalMinimal":	1.000000,
	"nConstraintOriginal":	4532.000000,
	"nConstraintDeduced":	421931.000000,
	"nMLStart":	79172.000000,
	"nCLStart":	764662.000000,
	"nMLViolation":	379.399994,
	"nCLViolation":	631.400024,
	"vMeasure":	0.924648,
	"duration":	5071.899902,
	"mlConst":	0.000000,
	"clConst":	0.000000
},
{
	"iterTerminate":	5.800000,
	"cost":	18556.318359,
	"reachLocalMinimal":	1.000000,
	"nConstraintOriginal":	4632.000000,
	"nConstraintDeduced":	440140.000000,
	"nMLStart":	86668.000000,
	"nCLStart":	793588.000000,
	"nMLViolation":	0.000000,
	"nCLViolation":	0.000000,
	"vMeasure":	0.958227,
	"duration":	5420.299805,
	"mlConst":	0.000000,
	"clConst":	0.000000
},
{
	"iterTerminate":	6.142857,
	"cost":	18560.707031,
	"reachLocalMinimal":	1.000000,
	"nConstraintOriginal":	4720.000000,
	"nConstraintDeduced":	441446.000000,
	"nMLStart":	85606.000000,
	"nCLStart":	797258.000000,
	"nMLViolation":	0.000000,
	"nCLViolation":	8.571428,
	"vMeasure":	0.957168,
	"duration":	5625.714355,
	"mlConst":	0.000000,
	"clConst":	0.000000
},
{
	"iterTerminate":	15.200000,
	"cost":	18035.664062,
	"reachLocalMinimal":	1.000000,
	"nConstraintOriginal":	483.000000,
	"nConstraintDeduced":	651.000000,
	"nMLStart":	426.000000,
	"nCLStart":	874.000000,
	"nMLViolation":	78.599998,
	"nCLViolation":	7.600000,
	"vMeasure":	0.346662,
	"duration":	5114.200195,
	"mlConst":	0.000000,
	"clConst":	0.000000
},
{
	"iterTerminate":	5.200000,
	"cost":	18565.414062,
	"reachLocalMinimal":	1.000000,
	"nConstraintOriginal":	4896.000000,
	"nConstraintDeduced":	439630.000000,
	"nMLStart":	84622.000000,
	"nCLStart":	794604.000000,
	"nMLViolation":	2.000000,
	"nCLViolation":	3.600000,
	"vMeasure":	0.973128,
	"duration":	5120.500000,
	"mlConst":	0.000000,
	"clConst":	0.000000
},
{
	"iterTerminate":	6.142857,
	"cost":	18567.552734,
	"reachLocalMinimal":	1.000000,
	"nConstraintOriginal":	4915.000000,
	"nConstraintDeduced":	439524.000000,
	"nMLStart":	84794.000000,
	"nCLStart":	794218.000000,
	"nMLViolation":	0.000000,
	"nCLViolation":	12.000000,
	"vMeasure":	0.959990,
	"duration":	5646.714355,
	"mlConst":	0.000000,
	"clConst":	0.000000
},
{
	"iterTerminate":	4.500000,
	"cost":	84608.664062,
	"reachLocalMinimal":	1.000000,
	"nConstraintOriginal":	4979.000000,
	"nConstraintDeduced":	443204.000000,
	"nMLStart":	86054.000000,
	"nCLStart":	800326.000000,
	"nMLViolation":	1470.750000,
	"nCLViolation":	2665.250000,
	"vMeasure":	0.936642,
	"duration":	4769.750000,
	"mlConst":	0.000000,
	"clConst":	0.000000
},
{
	"iterTerminate":	5.750000,
	"cost":	18565.636719,
	"reachLocalMinimal":	1.000000,
	"nConstraintOriginal":	4980.000000,
	"nConstraintDeduced":	445716.000000,
	"nMLStart":	86158.000000,
	"nCLStart":	805248.000000,
	"nMLViolation":	0.000000,
	"nCLViolation":	0.000000,
	"vMeasure":	0.954391,
	"duration":	6022.750000,
	"mlConst":	0.000000,
	"clConst":	0.000000
},
{
	"iterTerminate":	0.000000,
	"cost":	0.000000,
	"reachLocalMinimal":	-1.000000,
	"nConstraintOriginal":	0.000000,
	"nConstraintDeduced":	0.000000,
	"nMLStart":	0.000000,
	"nCLStart":	0.000000,
	"nMLViolation":	0.000000,
	"nCLViolation":	0.000000,
	"vMeasure":	0.000000,
	"duration":	0.000000,
	"mlConst":	0.000000,
	"clConst":	0.000000
},
{
	"iterTerminate":	5.142857,
	"cost":	50565.632812,
	"reachLocalMinimal":	1.000000,
	"nConstraintOriginal":	5226.000000,
	"nConstraintDeduced":	455048.000000,
	"nMLStart":	89192.000000,
	"nCLStart":	820882.000000,
	"nMLViolation":	736.571411,
	"nCLViolation":	1256.000000,
	"vMeasure":	0.961742,
	"duration":	5152.714355,
	"mlConst":	0.000000,
	"clConst":	0.000000
},
{
	"iterTerminate":	14.600000,
	"cost":	18105.191406,
	"reachLocalMinimal":	1.000000,
	"nConstraintOriginal":	532.000000,
	"nConstraintDeduced":	760.000000,
	"nMLStart":	510.000000,
	"nCLStart":	1006.000000,
	"nMLViolation":	88.599998,
	"nCLViolation":	20.200001,
	"vMeasure":	0.357751,
	"duration":	4993.500000,
	"mlConst":	0.000000,
	"clConst":	0.000000
},
{
	"iterTerminate":	5.000000,
	"cost":	18560.937500,
	"reachLocalMinimal":	1.000000,
	"nConstraintOriginal":	5330.000000,
	"nConstraintDeduced":	463378.000000,
	"nMLStart":	90690.000000,
	"nCLStart":	836030.000000,
	"nMLViolation":	0.000000,
	"nCLViolation":	4.000000,
	"vMeasure":	0.968689,
	"duration":	5286.500000,
	"mlConst":	0.000000,
	"clConst":	0.000000
},
{
	"iterTerminate":	6.000000,
	"cost":	18570.304688,
	"reachLocalMinimal":	1.000000,
	"nConstraintOriginal":	5638.000000,
	"nConstraintDeduced":	466527.000000,
	"nMLStart":	92032.000000,
	"nCLStart":	840994.000000,
	"nMLViolation":	0.000000,
	"nCLViolation":	2.000000,
	"vMeasure":	0.974467,
	"duration":	6188.750000,
	"mlConst":	0.000000,
	"clConst":	0.000000
},
{
	"iterTerminate":	15.000000,
	"cost":	17983.146484,
	"reachLocalMinimal":	1.000000,
	"nConstraintOriginal":	563.000000,
	"nConstraintDeduced":	863.000000,
	"nMLStart":	496.000000,
	"nCLStart":	1226.000000,
	"nMLViolation":	79.199997,
	"nCLViolation":	19.200001,
	"vMeasure":	0.342859,
	"duration":	5081.799805,
	"mlConst":	0.000000,
	"clConst":	0.000000
},
{
	"iterTerminate":	5.000000,
	"cost":	18563.478516,
	"reachLocalMinimal":	1.000000,
	"nConstraintOriginal":	5742.000000,
	"nConstraintDeduced":	471190.000000,
	"nMLStart":	93328.000000,
	"nCLStart":	849020.000000,
	"nMLViolation":	0.000000,
	"nCLViolation":	0.000000,
	"vMeasure":	0.978712,
	"duration":	5245.285645,
	"mlConst":	0.000000,
	"clConst":	0.000000
},
{
	"iterTerminate":	18.000000,
	"cost":	17991.896484,
	"reachLocalMinimal":	1.000000,
	"nConstraintOriginal":	577.000000,
	"nConstraintDeduced":	882.000000,
	"nMLStart":	484.000000,
	"nCLStart":	1276.000000,
	"nMLViolation":	107.599998,
	"nCLViolation":	17.000000,
	"vMeasure":	0.356484,
	"duration":	6078.600098,
	"mlConst":	0.000000,
	"clConst":	0.000000
},
{
	"iterTerminate":	4.571429,
	"cost":	43087.792969,
	"reachLocalMinimal":	1.000000,
	"nConstraintOriginal":	5802.000000,
	"nConstraintDeduced":	471342.000000,
	"nMLStart":	91714.000000,
	"nCLStart":	850948.000000,
	"nMLViolation":	673.142883,
	"nCLViolation":	1066.000000,
	"vMeasure":	0.973113,
	"duration":	4936.000000,
	"mlConst":	0.000000,
	"clConst":	0.000000
},
{
	"iterTerminate":	5.800000,
	"cost":	18561.589844,
	"reachLocalMinimal":	1.000000,
	"nConstraintOriginal":	5940.000000,
	"nConstraintDeduced":	461233.000000,
	"nMLStart":	91080.000000,
	"nCLStart":	831346.000000,
	"nMLViolation":	0.000000,
	"nCLViolation":	10.800000,
	"vMeasure":	0.958516,
	"duration":	6049.200195,
	"mlConst":	0.000000,
	"clConst":	0.000000
},
{
	"iterTerminate":	5.000000,
	"cost":	18566.785156,
	"reachLocalMinimal":	1.000000,
	"nConstraintOriginal":	6035.000000,
	"nConstraintDeduced":	473962.000000,
	"nMLStart":	92758.000000,
	"nCLStart":	855132.000000,
	"nMLViolation":	0.000000,
	"nCLViolation":	0.000000,
	"vMeasure":	0.978096,
	"duration":	5171.666504,
	"mlConst":	0.000000,
	"clConst":	0.000000
},
{
	"iterTerminate":	4.750000,
	"cost":	34571.503906,
	"reachLocalMinimal":	1.000000,
	"nConstraintOriginal":	6089.000000,
	"nConstraintDeduced":	467689.000000,
	"nMLStart":	92028.000000,
	"nCLStart":	843306.000000,
	"nMLViolation":	607.500000,
	"nCLViolation":	1095.000000,
	"vMeasure":	0.977306,
	"duration":	5276.125000,
	"mlConst":	0.000000,
	"clConst":	0.000000
},
{
	"iterTerminate":	4.000000,
	"cost":	86103.796875,
	"reachLocalMinimal":	1.000000,
	"nConstraintOriginal":	6261.000000,
	"nConstraintDeduced":	471400.000000,
	"nMLStart":	93138.000000,
	"nCLStart":	849626.000000,
	"nMLViolation":	1630.333374,
	"nCLViolation":	2757.666748,
	"vMeasure":	0.966300,
	"duration":	4549.000000,
	"mlConst":	0.000000,
	"clConst":	0.000000
},
{
	"iterTerminate":	17.200001,
	"cost":	18137.064453,
	"reachLocalMinimal":	1.000000,
	"nConstraintOriginal":	626.000000,
	"nConstraintDeduced":	1213.000000,
	"nMLStart":	680.000000,
	"nCLStart":	1742.000000,
	"nMLViolation":	72.000000,
	"nCLViolation":	12.200000,
	"vMeasure":	0.334268,
	"duration":	5809.100098,
	"mlConst":	0.000000,
	"clConst":	0.000000
},
{
	"iterTerminate":	4.250000,
	"cost":	124953.937500,
	"reachLocalMinimal":	1.000000,
	"nConstraintOriginal":	6476.000000,
	"nConstraintDeduced":	470452.000000,
	"nMLStart":	92010.000000,
	"nCLStart":	848854.000000,
	"nMLViolation":	1188.000000,
	"nCLViolation":	2113.500000,
	"vMeasure":	0.968283,
	"duration":	4781.250000,
	"mlConst":	0.000000,
	"clConst":	0.000000
},
{
	"iterTerminate":	5.000000,
	"cost":	18571.296875,
	"reachLocalMinimal":	1.000000,
	"nConstraintOriginal":	6585.000000,
	"nConstraintDeduced":	487875.000000,
	"nMLStart":	96244.000000,
	"nCLStart":	879462.000000,
	"nMLViolation":	2.000000,
	"nCLViolation":	0.000000,
	"vMeasure":	0.978712,
	"duration":	5347.000000,
	"mlConst":	0.000000,
	"clConst":	0.000000
},
{
	"iterTerminate":	10.000000,
	"cost":	18112.382812,
	"reachLocalMinimal":	1.000000,
	"nConstraintOriginal":	692.000000,
	"nConstraintDeduced":	1459.000000,
	"nMLStart":	702.000000,
	"nCLStart":	2212.000000,
	"nMLViolation":	102.400002,
	"nCLViolation":	17.400000,
	"vMeasure":	0.354768,
	"duration":	3496.100098,
	"mlConst":	0.000000,
	"clConst":	0.000000
},
{
	"iterTerminate":	12.500000,
	"cost":	18117.001953,
	"reachLocalMinimal":	1.000000,
	"nConstraintOriginal":	711.000000,
	"nConstraintDeduced":	1279.000000,
	"nMLStart":	674.000000,
	"nCLStart":	1884.000000,
	"nMLViolation":	79.800003,
	"nCLViolation":	13.200000,
	"vMeasure":	0.390841,
	"duration":	4259.100098,
	"mlConst":	0.000000,
	"clConst":	0.000000
},
{
	"iterTerminate":	10.500000,
	"cost":	18133.546875,
	"reachLocalMinimal":	1.000000,
	"nConstraintOriginal":	741.000000,
	"nConstraintDeduced":	1546.000000,
	"nMLStart":	860.000000,
	"nCLStart":	2228.000000,
	"nMLViolation":	87.400002,
	"nCLViolation":	28.200001,
	"vMeasure":	0.346968,
	"duration":	3633.600098,
	"mlConst":	0.000000,
	"clConst":	0.000000
},
{
	"iterTerminate":	15.500000,
	"cost":	18131.742188,
	"reachLocalMinimal":	1.000000,
	"nConstraintOriginal":	750.000000,
	"nConstraintDeduced":	1356.000000,
	"nMLStart":	712.000000,
	"nCLStart":	1988.000000,
	"nMLViolation":	101.800003,
	"nCLViolation":	9.800000,
	"vMeasure":	0.339169,
	"duration":	5232.000000,
	"mlConst":	0.000000,
	"clConst":	0.000000
},
{
	"iterTerminate":	15.400000,
	"cost":	18047.214844,
	"reachLocalMinimal":	1.000000,
	"nConstraintOriginal":	761.000000,
	"nConstraintDeduced":	1824.000000,
	"nMLStart":	988.000000,
	"nCLStart":	2654.000000,
	"nMLViolation":	127.199997,
	"nCLViolation":	15.400000,
	"vMeasure":	0.351463,
	"duration":	5241.899902,
	"mlConst":	0.000000,
	"clConst":	0.000000
},
{
	"iterTerminate":	16.500000,
	"cost":	18051.792969,
	"reachLocalMinimal":	1.000000,
	"nConstraintOriginal":	770.000000,
	"nConstraintDeduced":	1400.000000,
	"nMLStart":	750.000000,
	"nCLStart":	2050.000000,
	"nMLViolation":	80.400002,
	"nCLViolation":	15.400000,
	"vMeasure":	0.354272,
	"duration":	5550.399902,
	"mlConst":	0.000000,
	"clConst":	0.000000
},
{
	"iterTerminate":	16.400000,
	"cost":	18134.984375,
	"reachLocalMinimal":	1.000000,
	"nConstraintOriginal":	795.000000,
	"nConstraintDeduced":	2338.000000,
	"nMLStart":	1334.000000,
	"nCLStart":	3340.000000,
	"nMLViolation":	62.799999,
	"nCLViolation":	7.600000,
	"vMeasure":	0.353617,
	"duration":	5584.600098,
	"mlConst":	0.000000,
	"clConst":	0.000000
},
{
	"iterTerminate":	15.100000,
	"cost":	17815.839844,
	"reachLocalMinimal":	1.000000,
	"nConstraintOriginal":	84.000000,
	"nConstraintDeduced":	87.000000,
	"nMLStart":	64.000000,
	"nCLStart":	110.000000,
	"nMLViolation":	21.799999,
	"nCLViolation":	0.400000,
	"vMeasure":	0.330435,
	"duration":	5064.899902,
	"mlConst":	0.000000,
	"clConst":	0.000000
},
{
	"iterTerminate":	13.800000,
	"cost":	18334.595703,
	"reachLocalMinimal":	1.000000,
	"nConstraintOriginal":	975.000000,
	"nConstraintDeduced":	3080.000000,
	"nMLStart":	1526.000000,
	"nCLStart":	4628.000000,
	"nMLViolation":	117.599998,
	"nCLViolation":	17.000000,
	"vMeasure":	0.374039,
	"duration":	4684.600098,
	"mlConst":	0.000000,
	"clConst":	0.000000
},
{
	"iterTerminate":	18.700001,
	"cost":	17784.869141,
	"reachLocalMinimal":	1.000000,
	"nConstraintOriginal":	98.000000,
	"nConstraintDeduced":	102.000000,
	"nMLStart":	70.000000,
	"nCLStart":	134.000000,
	"nMLViolation":	27.400000,
	"nCLViolation":	2.000000,
	"vMeasure":	0.304398,
	"duration":	6255.899902,
	"mlConst":	0.000000,
	"clConst":	0.000000
},
{
	"iterTerminate":	12.400000,
	"cost":	18304.863281,
	"reachLocalMinimal":	1.000000,
	"nConstraintOriginal":	990.000000,
	"nConstraintDeduced":	4717.000000,
	"nMLStart":	1768.000000,
	"nCLStart":	7664.000000,
	"nMLViolation":	88.400002,
	"nCLViolation":	19.400000,
	"vMeasure":	0.390356,
	"duration":	4227.799805,
	"mlConst":	0.000000,
	"clConst":	0.000000
}
]