[
{
	"iterTerminate":	7.500000,
	"cost":	52029.058594,
	"reachLocalMinimal":	1.000000,
	"nConstraintOriginal":	101261.000000,
	"nConstraintDeduced":	6074355.000000,
	"nMLStart":	1657368.000000,
	"nCLStart":	10491342.000000,
	"nMLViolation":	0.000000,
	"nCLViolation":	0.000000,
	"vMeasure":	0.855914,
	"duration":	274815.500000,
	"mlConst":	0.000000,
	"clConst":	0.000000
},
{
	"iterTerminate":	2.000000,
	"cost":	90017.484375,
	"reachLocalMinimal":	1.000000,
	"nConstraintOriginal":	104419.000000,
	"nConstraintDeduced":	6130251.000000,
	"nMLStart":	1634424.000000,
	"nCLStart":	10626078.000000,
	"nMLViolation":	2088.000000,
	"nCLViolation":	4932.000000,
	"vMeasure":	0.860371,
	"duration":	90295.000000,
	"mlConst":	0.000000,
	"clConst":	0.000000
},
{
	"iterTerminate":	5.666667,
	"cost":	52045.660156,
	"reachLocalMinimal":	1.000000,
	"nConstraintOriginal":	109491.000000,
	"nConstraintDeduced":	6377806.000000,
	"nMLStart":	1692268.000000,
	"nCLStart":	11063344.000000,
	"nMLViolation":	0.000000,
	"nCLViolation":	0.000000,
	"vMeasure":	0.877116,
	"duration":	212658.000000,
	"mlConst":	0.000000,
	"clConst":	0.000000
},
{
	"iterTerminate":	5.000000,
	"cost":	66461.156250,
	"reachLocalMinimal":	1.000000,
	"nConstraintOriginal":	112224.000000,
	"nConstraintDeduced":	6546771.000000,
	"nMLStart":	1721166.000000,
	"nCLStart":	11372376.000000,
	"nMLViolation":	580.000000,
	"nCLViolation":	1390.000000,
	"vMeasure":	0.896551,
	"duration":	191677.500000,
	"mlConst":	0.000000,
	"clConst":	0.000000
},
{
	"iterTerminate":	17.000000,
	"cost":	51560.601562,
	"reachLocalMinimal":	1.000000,
	"nConstraintOriginal":	11226.000000,
	"nConstraintDeduced":	1558331.000000,
	"nMLStart":	486788.000000,
	"nCLStart":	2629874.000000,
	"nMLViolation":	17.500000,
	"nCLViolation":	0.000000,
	"vMeasure":	0.421830,
	"duration":	484465.500000,
	"mlConst":	0.000000,
	"clConst":	0.000000
},
{
	"iterTerminate":	3.000000,
	"cost":	100483.312500,
	"reachLocalMinimal":	1.000000,
	"nConstraintOriginal":	120195.000000,
	"nConstraintDeduced":	6612066.000000,
	"nMLStart":	1743710.000000,
	"nCLStart":	11480421.000000,
	"nMLViolation":	17431.333984,
	"nCLViolation":	71355.335938,
	"vMeasure":	0.886546,
	"duration":	125015.335938,
	"mlConst":	0.000000,
	"clConst":	0.000000
},
{
	"iterTerminate":	17.200001,
	"cost":	51637.761719,
	"reachLocalMinimal":	1.000000,
	"nConstraintOriginal":	12079.000000,
	"nConstraintDeduced":	1553230.000000,
	"nMLStart":	476352.000000,
	"nCLStart":	2630108.000000,
	"nMLViolation":	4.000000,
	"nCLViolation":	0.000000,
	"vMeasure":	0.412562,
	"duration":	491392.406250,
	"mlConst":	0.000000,
	"clConst":	0.000000
},
{
	"iterTerminate":	4.500000,
	"cost":	78174.734375,
	"reachLocalMinimal":	1.000000,
	"nConstraintOriginal":	125345.000000,
	"nConstraintDeduced":	6586635.000000,
	"nMLStart":	1732398.000000,
	"nCLStart":	11440872.000000,
	"nMLViolation":	158.000000,
	"nCLViolation":	11297.000000,
	"vMeasure":	0.899290,
	"duration":	174876.000000,
	"mlConst":	0.000000,
	"clConst":	0.000000
},
{
	"iterTerminate":	14.500000,
	"cost":	51661.019531,
	"reachLocalMinimal":	1.000000,
	"nConstraintOriginal":	12570.000000,
	"nConstraintDeduced":	1703996.000000,
	"nMLStart":	611958.000000,
	"nCLStart":	2796034.000000,
	"nMLViolation":	11.000000,
	"nCLViolation":	0.000000,
	"vMeasure":	0.447601,
	"duration":	422159.750000,
	"mlConst":	0.000000,
	"clConst":	0.000000
},
{
	"iterTerminate":	5.250000,
	"cost":	90594.406250,
	"reachLocalMinimal":	1.000000,
	"nConstraintOriginal":	127849.000000,
	"nConstraintDeduced":	6431491.000000,
	"nMLStart":	1704990.000000,
	"nCLStart":	11157992.000000,
	"nMLViolation":	2793.500000,
	"nCLViolation":	24681.500000,
	"vMeasure":	0.886136,
	"duration":	198641.750000,
	"mlConst":	0.000000,
	"clConst":	0.000000
},
{
	"iterTerminate":	18.799999,
	"cost":	51657.191406,
	"reachLocalMinimal":	1.000000,
	"nConstraintOriginal":	14956.000000,
	"nConstraintDeduced":	2114820.000000,
	"nMLStart":	674740.000000,
	"nCLStart":	3554900.000000,
	"nMLViolation":	1.600000,
	"nCLViolation":	0.000000,
	"vMeasure":	0.477721,
	"duration":	546024.625000,
	"mlConst":	0.000000,
	"clConst":	0.000000
},
{
	"iterTerminate":	24.750000,
	"cost":	51758.066406,
	"reachLocalMinimal":	1.000000,
	"nConstraintOriginal":	16246.000000,
	"nConstraintDeduced":	2532379.000000,
	"nMLStart":	780632.000000,
	"nCLStart":	4284126.000000,
	"nMLViolation":	16.000000,
	"nCLViolation":	0.000000,
	"vMeasure":	0.527770,
	"duration":	725195.000000,
	"mlConst":	0.000000,
	"clConst":	0.000000
},
{
	"iterTerminate":	20.799999,
	"cost":	51647.710938,
	"reachLocalMinimal":	1.000000,
	"nConstraintOriginal":	18246.000000,
	"nConstraintDeduced":	2675993.000000,
	"nMLStart":	817396.000000,
	"nCLStart":	4534590.000000,
	"nMLViolation":	0.000000,
	"nCLViolation":	0.000000,
	"vMeasure":	0.542392,
	"duration":	613648.625000,
	"mlConst":	0.000000,
	"clConst":	0.000000
},
{
	"iterTerminate":	11.666667,
	"cost":	82929.937500,
	"reachLocalMinimal":	1.000000,
	"nConstraintOriginal":	19409.000000,
	"nConstraintDeduced":	2854364.000000,
	"nMLStart":	940722.000000,
	"nCLStart":	4768006.000000,
	"nMLViolation":	944.666687,
	"nCLViolation":	2386.000000,
	"vMeasure":	0.587715,
	"duration":	356718.000000,
	"mlConst":	0.000000,
	"clConst":	0.000000
},
{
	"iterTerminate":	7.600000,
	"cost":	63846.054688,
	"reachLocalMinimal":	1.000000,
	"nConstraintOriginal":	21683.000000,
	"nConstraintDeduced":	3065094.000000,
	"nMLStart":	966100.000000,
	"nCLStart":	5164088.000000,
	"nMLViolation":	285.600006,
	"nCLViolation":	1449.599976,
	"vMeasure":	0.588652,
	"duration":	239627.796875,
	"mlConst":	0.000000,
	"clConst":	0.000000
},
{
	"iterTerminate":	11.200000,
	"cost":	51875.343750,
	"reachLocalMinimal":	1.000000,
	"nConstraintOriginal":	23452.000000,
	"nConstraintDeduced":	2815650.000000,
	"nMLStart":	838254.000000,
	"nCLStart":	4793046.000000,
	"nMLViolation":	4.800000,
	"nCLViolation":	0.000000,
	"vMeasure":	0.563831,
	"duration":	342696.593750,
	"mlConst":	0.000000,
	"clConst":	0.000000
},
{
	"iterTerminate":	13.000000,
	"cost":	56301.691406,
	"reachLocalMinimal":	1.000000,
	"nConstraintOriginal":	24165.000000,
	"nConstraintDeduced":	3294028.000000,
	"nMLStart":	1031294.000000,
	"nCLStart":	5556762.000000,
	"nMLViolation":	1253.000000,
	"nCLViolation":	1633.500000,
	"vMeasure":	0.601600,
	"duration":	403926.500000,
	"mlConst":	0.000000,
	"clConst":	0.000000
},
{
	"iterTerminate":	18.600000,
	"cost":	51831.695312,
	"reachLocalMinimal":	1.000000,
	"nConstraintOriginal":	27026.000000,
	"nConstraintDeduced":	3496427.250000,
	"nMLStart":	1052782.000000,
	"nCLStart":	5940072.000000,
	"nMLViolation":	0.000000,
	"nCLViolation":	0.000000,
	"vMeasure":	0.610877,
	"duration":	570223.187500,
	"mlConst":	0.000000,
	"clConst":	0.000000
},
{
	"iterTerminate":	0.000000,
	"cost":	0.000000,
	"reachLocalMinimal":	-1.000000,
	"nConstraintOriginal":	0.000000,
	"nConstraintDeduced":	0.000000,
	"nMLStart":	0.000000,
	"nCLStart":	0.000000,
	"nMLViolation":	0.000000,
	"nCLViolation":	0.000000,
	"vMeasure":	0.000000,
	"duration":	0.000000,
	"mlConst":	0.000000,
	"clConst":	0.000000
},
{
	"iterTerminate":	2.000000,
	"cost":	316315.750000,
	"reachLocalMinimal":	1.000000,
	"nConstraintOriginal":	2908.000000,
	"nConstraintDeduced":	184997.000000,
	"nMLStart":	95332.000000,
	"nCLStart":	274662.000000,
	"nMLViolation":	27.600000,
	"nCLViolation":	78804.000000,
	"vMeasure":	0.082199,
	"duration":	69076.203125,
	"mlConst":	0.000000,
	"clConst":	0.000000
},
{
	"iterTerminate":	10.800000,
	"cost":	51897.539062,
	"reachLocalMinimal":	1.000000,
	"nConstraintOriginal":	29531.000000,
	"nConstraintDeduced":	4284077.000000,
	"nMLStart":	1247778.000000,
	"nCLStart":	7320376.000000,
	"nMLViolation":	4.800000,
	"nCLViolation":	0.000000,
	"vMeasure":	0.694915,
	"duration":	352972.812500,
	"mlConst":	0.000000,
	"clConst":	0.000000
},
{
	"iterTerminate":	13.750000,
	"cost":	51914.878906,
	"reachLocalMinimal":	1.000000,
	"nConstraintOriginal":	31761.000000,
	"nConstraintDeduced":	4116382.000000,
	"nMLStart":	1180224.000000,
	"nCLStart":	7052540.000000,
	"nMLViolation":	1.000000,
	"nCLViolation":	0.000000,
	"vMeasure":	0.657522,
	"duration":	438524.000000,
	"mlConst":	0.000000,
	"clConst":	0.000000
},
{
	"iterTerminate":	13.600000,
	"cost":	51940.277344,
	"reachLocalMinimal":	1.000000,
	"nConstraintOriginal":	34460.000000,
	"nConstraintDeduced":	4029404.750000,
	"nMLStart":	1216478.000000,
	"nCLStart":	6842332.000000,
	"nMLViolation":	15.200000,
	"nCLViolation":	0.000000,
	"vMeasure":	0.673210,
	"duration":	429246.812500,
	"mlConst":	0.000000,
	"clConst":	0.000000
},
{
	"iterTerminate":	4.200000,
	"cost":	86841.953125,
	"reachLocalMinimal":	1.000000,
	"nConstraintOriginal":	37489.000000,
	"nConstraintDeduced":	4094091.250000,
	"nMLStart":	1221736.000000,
	"nCLStart":	6966446.500000,
	"nMLViolation":	2140.800049,
	"nCLViolation":	8574.400391,
	"vMeasure":	0.702848,
	"duration":	147463.000000,
	"mlConst":	0.000000,
	"clConst":	0.000000
},
{
	"iterTerminate":	6.750000,
	"cost":	68292.179688,
	"reachLocalMinimal":	1.000000,
	"nConstraintOriginal":	39037.000000,
	"nConstraintDeduced":	4542382.000000,
	"nMLStart":	1272464.000000,
	"nCLStart":	7812300.000000,
	"nMLViolation":	894.500000,
	"nCLViolation":	2099.500000,
	"vMeasure":	0.730326,
	"duration":	229395.500000,
	"mlConst":	0.000000,
	"clConst":	0.000000
},
{
	"iterTerminate":	7.333333,
	"cost":	73132.359375,
	"reachLocalMinimal":	1.000000,
	"nConstraintOriginal":	40350.000000,
	"nConstraintDeduced":	4707846.000000,
	"nMLStart":	1355592.000000,
	"nCLStart":	8060100.000000,
	"nMLViolation":	280.000000,
	"nCLViolation":	2146.666748,
	"vMeasure":	0.734379,
	"duration":	247985.671875,
	"mlConst":	0.000000,
	"clConst":	0.000000
},
{
	"iterTerminate":	13.500000,
	"cost":	51896.757812,
	"reachLocalMinimal":	1.000000,
	"nConstraintOriginal":	42937.000000,
	"nConstraintDeduced":	4432150.000000,
	"nMLStart":	1303332.000000,
	"nCLStart":	7560968.000000,
	"nMLViolation":	0.500000,
	"nCLViolation":	0.000000,
	"vMeasure":	0.694417,
	"duration":	434230.000000,
	"mlConst":	0.000000,
	"clConst":	0.000000
},
{
	"iterTerminate":	16.799999,
	"cost":	51372.492188,
	"reachLocalMinimal":	1.000000,
	"nConstraintOriginal":	4319.000000,
	"nConstraintDeduced":	343116.000000,
	"nMLStart":	143478.000000,
	"nCLStart":	542754.000000,
	"nMLViolation":	96.000000,
	"nCLViolation":	0.000000,
	"vMeasure":	0.269179,
	"duration":	460718.000000,
	"mlConst":	0.000000,
	"clConst":	0.000000
}
]