[
{
	"iterTerminate":	8.800000,
	"cost":	11105.695312,
	"reachLocalMinimal":	1.000000,
	"nConstraintOriginal":	1021.000000,
	"nConstraintDeduced":	4029.000000,
	"nMLStart":	1412.000000,
	"nCLStart":	6642.000000,
	"nMLViolation":	201.800003,
	"nCLViolation":	20.200001,
	"vMeasure":	0.467006,
	"duration":	15671.400391,
	"mlConst":	0.000000,
	"clConst":	0.000000
},
{
	"iterTerminate":	9.100000,
	"cost":	11126.978516,
	"reachLocalMinimal":	1.000000,
	"nConstraintOriginal":	1036.000000,
	"nConstraintDeduced":	5868.000000,
	"nMLStart":	2296.000000,
	"nCLStart":	9434.000000,
	"nMLViolation":	165.399994,
	"nCLViolation":	27.400000,
	"vMeasure":	0.503314,
	"duration":	16342.900391,
	"mlConst":	0.000000,
	"clConst":	0.000000
},
{
	"iterTerminate":	7.100000,
	"cost":	10967.719727,
	"reachLocalMinimal":	1.000000,
	"nConstraintOriginal":	1046.000000,
	"nConstraintDeduced":	3707.000000,
	"nMLStart":	1354.000000,
	"nCLStart":	6056.000000,
	"nMLViolation":	200.800003,
	"nCLViolation":	21.000000,
	"vMeasure":	0.472391,
	"duration":	12770.700195,
	"mlConst":	0.000000,
	"clConst":	0.000000
},
{
	"iterTerminate":	8.100000,
	"cost":	11073.291992,
	"reachLocalMinimal":	1.000000,
	"nConstraintOriginal":	1176.000000,
	"nConstraintDeduced":	14670.000000,
	"nMLStart":	4242.000000,
	"nCLStart":	25094.000000,
	"nMLViolation":	181.199997,
	"nCLViolation":	25.600000,
	"vMeasure":	0.556685,
	"duration":	14439.700195,
	"mlConst":	0.000000,
	"clConst":	0.000000
},
{
	"iterTerminate":	9.100000,
	"cost":	11088.914062,
	"reachLocalMinimal":	1.000000,
	"nConstraintOriginal":	1207.000000,
	"nConstraintDeduced":	5782.000000,
	"nMLStart":	1852.000000,
	"nCLStart":	9704.000000,
	"nMLViolation":	166.800003,
	"nCLViolation":	20.600000,
	"vMeasure":	0.544376,
	"duration":	16074.500000,
	"mlConst":	0.000000,
	"clConst":	0.000000
},
{
	"iterTerminate":	0.000000,
	"cost":	0.000000,
	"reachLocalMinimal":	-1.000000,
	"nConstraintOriginal":	0.000000,
	"nConstraintDeduced":	0.000000,
	"nMLStart":	0.000000,
	"nCLStart":	0.000000,
	"nMLViolation":	0.000000,
	"nCLViolation":	0.000000,
	"vMeasure":	0.000000,
	"duration":	0.000000,
	"mlConst":	0.000000,
	"clConst":	0.000000
},
{
	"iterTerminate":	10.100000,
	"cost":	11170.476562,
	"reachLocalMinimal":	1.000000,
	"nConstraintOriginal":	1323.000000,
	"nConstraintDeduced":	22742.000000,
	"nMLStart":	4884.000000,
	"nCLStart":	40594.000000,
	"nMLViolation":	167.000000,
	"nCLViolation":	24.000000,
	"vMeasure":	0.507462,
	"duration":	17826.699219,
	"mlConst":	0.000000,
	"clConst":	0.000000
},
{
	"iterTerminate":	8.400000,
	"cost":	11164.918945,
	"reachLocalMinimal":	1.000000,
	"nConstraintOriginal":	1350.000000,
	"nConstraintDeduced":	8963.000000,
	"nMLStart":	2286.000000,
	"nCLStart":	15634.000000,
	"nMLViolation":	166.600006,
	"nCLViolation":	25.000000,
	"vMeasure":	0.504108,
	"duration":	14880.000000,
	"mlConst":	0.000000,
	"clConst":	0.000000
},
{
	"iterTerminate":	10.500000,
	"cost":	11148.791016,
	"reachLocalMinimal":	1.000000,
	"nConstraintOriginal":	1377.000000,
	"nConstraintDeduced":	13326.000000,
	"nMLStart":	3084.000000,
	"nCLStart":	23558.000000,
	"nMLViolation":	164.800003,
	"nCLViolation":	28.400000,
	"vMeasure":	0.487631,
	"duration":	18425.699219,
	"mlConst":	0.000000,
	"clConst":	0.000000
},
{
	"iterTerminate":	2.000000,
	"cost":	10938.931641,
	"reachLocalMinimal":	1.000000,
	"nConstraintOriginal":	153.000000,
	"nConstraintDeduced":	158.000000,
	"nMLStart":	94.000000,
	"nCLStart":	220.000000,
	"nMLViolation":	37.200001,
	"nCLViolation":	6.400000,
	"vMeasure":	0.381628,
	"duration":	4263.700195,
	"mlConst":	0.000000,
	"clConst":	0.000000
},
{
	"iterTerminate":	7.800000,
	"cost":	11223.385742,
	"reachLocalMinimal":	1.000000,
	"nConstraintOriginal":	1570.000000,
	"nConstraintDeduced":	40459.000000,
	"nMLStart":	6918.000000,
	"nCLStart":	73996.000000,
	"nMLViolation":	150.800003,
	"nCLViolation":	29.799999,
	"vMeasure":	0.500363,
	"duration":	14095.000000,
	"mlConst":	0.000000,
	"clConst":	0.000000
},
{
	"iterTerminate":	6.800000,
	"cost":	11299.005859,
	"reachLocalMinimal":	1.000000,
	"nConstraintOriginal":	1644.000000,
	"nConstraintDeduced":	46146.000000,
	"nMLStart":	8278.000000,
	"nCLStart":	84006.000000,
	"nMLViolation":	130.399994,
	"nCLViolation":	68.400002,
	"vMeasure":	0.535755,
	"duration":	12352.000000,
	"mlConst":	0.000000,
	"clConst":	0.000000
},
{
	"iterTerminate":	6.900000,
	"cost":	11226.880859,
	"reachLocalMinimal":	1.000000,
	"nConstraintOriginal":	1697.000000,
	"nConstraintDeduced":	46756.000000,
	"nMLStart":	8470.000000,
	"nCLStart":	85032.000000,
	"nMLViolation":	144.800003,
	"nCLViolation":	52.000000,
	"vMeasure":	0.565344,
	"duration":	12524.200195,
	"mlConst":	0.000000,
	"clConst":	0.000000
},
{
	"iterTerminate":	0.000000,
	"cost":	0.000000,
	"reachLocalMinimal":	-1.000000,
	"nConstraintOriginal":	0.000000,
	"nConstraintDeduced":	0.000000,
	"nMLStart":	0.000000,
	"nCLStart":	0.000000,
	"nMLViolation":	0.000000,
	"nCLViolation":	0.000000,
	"vMeasure":	0.000000,
	"duration":	0.000000,
	"mlConst":	0.000000,
	"clConst":	0.000000
},
{
	"iterTerminate":	5.400000,
	"cost":	11333.880859,
	"reachLocalMinimal":	1.000000,
	"nConstraintOriginal":	1735.000000,
	"nConstraintDeduced":	63758.000000,
	"nMLStart":	9848.000000,
	"nCLStart":	117658.000000,
	"nMLViolation":	176.600006,
	"nCLViolation":	154.399994,
	"vMeasure":	0.595765,
	"duration":	10082.500000,
	"mlConst":	0.000000,
	"clConst":	0.000000
},
{
	"iterTerminate":	6.600000,
	"cost":	11995.916016,
	"reachLocalMinimal":	1.000000,
	"nConstraintOriginal":	1787.000000,
	"nConstraintDeduced":	59760.000000,
	"nMLStart":	8882.000000,
	"nCLStart":	110616.000000,
	"nMLViolation":	189.600006,
	"nCLViolation":	216.000000,
	"vMeasure":	0.546422,
	"duration":	12159.700195,
	"mlConst":	0.000000,
	"clConst":	0.000000
},
{
	"iterTerminate":	6.500000,
	"cost":	19110.917969,
	"reachLocalMinimal":	1.000000,
	"nConstraintOriginal":	1804.000000,
	"nConstraintDeduced":	67086.000000,
	"nMLStart":	9764.000000,
	"nCLStart":	124400.000000,
	"nMLViolation":	283.600006,
	"nCLViolation":	748.400024,
	"vMeasure":	0.522367,
	"duration":	12036.299805,
	"mlConst":	0.000000,
	"clConst":	0.000000
},
{
	"iterTerminate":	7.600000,
	"cost":	11250.375000,
	"reachLocalMinimal":	1.000000,
	"nConstraintOriginal":	1844.000000,
	"nConstraintDeduced":	58091.000000,
	"nMLStart":	10510.000000,
	"nCLStart":	105662.000000,
	"nMLViolation":	154.399994,
	"nCLViolation":	82.800003,
	"vMeasure":	0.529611,
	"duration":	13827.599609,
	"mlConst":	0.000000,
	"clConst":	0.000000
},
{
	"iterTerminate":	8.200000,
	"cost":	12876.212891,
	"reachLocalMinimal":	1.000000,
	"nConstraintOriginal":	1848.000000,
	"nConstraintDeduced":	103241.000000,
	"nMLStart":	16500.000000,
	"nCLStart":	189972.000000,
	"nMLViolation":	178.399994,
	"nCLViolation":	161.800003,
	"vMeasure":	0.659160,
	"duration":	15164.900391,
	"mlConst":	0.000000,
	"clConst":	0.000000
},
{
	"iterTerminate":	7.300000,
	"cost":	12104.117188,
	"reachLocalMinimal":	1.000000,
	"nConstraintOriginal":	1910.000000,
	"nConstraintDeduced":	84917.000000,
	"nMLStart":	12984.000000,
	"nCLStart":	156838.000000,
	"nMLViolation":	223.000000,
	"nCLViolation":	271.600006,
	"vMeasure":	0.568661,
	"duration":	13525.500000,
	"mlConst":	0.000000,
	"clConst":	0.000000
},
{
	"iterTerminate":	8.100000,
	"cost":	15303.177734,
	"reachLocalMinimal":	1.000000,
	"nConstraintOriginal":	1973.000000,
	"nConstraintDeduced":	88088.000000,
	"nMLStart":	12362.000000,
	"nCLStart":	163806.000000,
	"nMLViolation":	271.000000,
	"nCLViolation":	731.200012,
	"vMeasure":	0.566664,
	"duration":	14902.200195,
	"mlConst":	0.000000,
	"clConst":	0.000000
},
{
	"iterTerminate":	8.100000,
	"cost":	11337.399414,
	"reachLocalMinimal":	1.000000,
	"nConstraintOriginal":	2030.000000,
	"nConstraintDeduced":	124302.000000,
	"nMLStart":	17512.000000,
	"nCLStart":	231078.000000,
	"nMLViolation":	97.599998,
	"nCLViolation":	127.000000,
	"vMeasure":	0.644359,
	"duration":	15081.000000,
	"mlConst":	0.000000,
	"clConst":	0.000000
},
{
	"iterTerminate":	5.300000,
	"cost":	34476.710938,
	"reachLocalMinimal":	1.000000,
	"nConstraintOriginal":	2146.000000,
	"nConstraintDeduced":	129955.000000,
	"nMLStart":	17304.000000,
	"nCLStart":	242596.000000,
	"nMLViolation":	662.599976,
	"nCLViolation":	2092.800049,
	"vMeasure":	0.567716,
	"duration":	10313.599609,
	"mlConst":	0.000000,
	"clConst":	0.000000
},
{
	"iterTerminate":	0.000000,
	"cost":	0.000000,
	"reachLocalMinimal":	-1.000000,
	"nConstraintOriginal":	0.000000,
	"nConstraintDeduced":	0.000000,
	"nMLStart":	0.000000,
	"nCLStart":	0.000000,
	"nMLViolation":	0.000000,
	"nCLViolation":	0.000000,
	"vMeasure":	0.000000,
	"duration":	0.000000,
	"mlConst":	0.000000,
	"clConst":	0.000000
},
{
	"iterTerminate":	6.800000,
	"cost":	18033.308594,
	"reachLocalMinimal":	1.000000,
	"nConstraintOriginal":	2203.000000,
	"nConstraintDeduced":	155570.000000,
	"nMLStart":	22872.000000,
	"nCLStart":	288258.000000,
	"nMLViolation":	364.600006,
	"nCLViolation":	1405.400024,
	"vMeasure":	0.655951,
	"duration":	13061.200195,
	"mlConst":	0.000000,
	"clConst":	0.000000
},
{
	"iterTerminate":	0.000000,
	"cost":	0.000000,
	"reachLocalMinimal":	-1.000000,
	"nConstraintOriginal":	0.000000,
	"nConstraintDeduced":	0.000000,
	"nMLStart":	0.000000,
	"nCLStart":	0.000000,
	"nMLViolation":	0.000000,
	"nCLViolation":	0.000000,
	"vMeasure":	0.000000,
	"duration":	0.000000,
	"mlConst":	0.000000,
	"clConst":	0.000000
},
{
	"iterTerminate":	3.800000,
	"cost":	32022.875000,
	"reachLocalMinimal":	1.000000,
	"nConstraintOriginal":	2273.000000,
	"nConstraintDeduced":	186180.000000,
	"nMLStart":	28986.000000,
	"nCLStart":	343366.000000,
	"nMLViolation":	1022.000000,
	"nCLViolation":	2724.000000,
	"vMeasure":	0.640631,
	"duration":	7903.799805,
	"mlConst":	0.000000,
	"clConst":	0.000000
},
{
	"iterTerminate":	2.800000,
	"cost":	37679.132812,
	"reachLocalMinimal":	1.000000,
	"nConstraintOriginal":	2288.000000,
	"nConstraintDeduced":	181143.000000,
	"nMLStart":	25806.000000,
	"nCLStart":	336472.000000,
	"nMLViolation":	743.799988,
	"nCLViolation":	2630.600098,
	"vMeasure":	0.566466,
	"duration":	6117.500000,
	"mlConst":	0.000000,
	"clConst":	0.000000
},
{
	"iterTerminate":	0.000000,
	"cost":	0.000000,
	"reachLocalMinimal":	-1.000000,
	"nConstraintOriginal":	0.000000,
	"nConstraintDeduced":	0.000000,
	"nMLStart":	0.000000,
	"nCLStart":	0.000000,
	"nMLViolation":	0.000000,
	"nCLViolation":	0.000000,
	"vMeasure":	0.000000,
	"duration":	0.000000,
	"mlConst":	0.000000,
	"clConst":	0.000000
},
{
	"iterTerminate":	5.200000,
	"cost":	29253.214844,
	"reachLocalMinimal":	1.000000,
	"nConstraintOriginal":	2390.000000,
	"nConstraintDeduced":	217502.000000,
	"nMLStart":	35388.000000,
	"nCLStart":	399600.000000,
	"nMLViolation":	210.399994,
	"nCLViolation":	3233.000000,
	"vMeasure":	0.691191,
	"duration":	10569.099609,
	"mlConst":	0.000000,
	"clConst":	0.000000
},
{
	"iterTerminate":	5.900000,
	"cost":	19678.011719,
	"reachLocalMinimal":	1.000000,
	"nConstraintOriginal":	2476.000000,
	"nConstraintDeduced":	226694.000000,
	"nMLStart":	35422.000000,
	"nCLStart":	417948.000000,
	"nMLViolation":	473.200012,
	"nCLViolation":	1653.599976,
	"vMeasure":	0.767495,
	"duration":	11879.099609,
	"mlConst":	0.000000,
	"clConst":	0.000000
},
{
	"iterTerminate":	2.000000,
	"cost":	11165.161133,
	"reachLocalMinimal":	1.000000,
	"nConstraintOriginal":	249.000000,
	"nConstraintDeduced":	268.000000,
	"nMLStart":	196.000000,
	"nCLStart":	340.000000,
	"nMLViolation":	63.200001,
	"nCLViolation":	19.000000,
	"vMeasure":	0.329720,
	"duration":	4309.000000,
	"mlConst":	0.000000,
	"clConst":	0.000000
},
{
	"iterTerminate":	5.700000,
	"cost":	26655.287109,
	"reachLocalMinimal":	1.000000,
	"nConstraintOriginal":	2583.000000,
	"nConstraintDeduced":	224613.000000,
	"nMLStart":	34260.000000,
	"nCLStart":	414954.000000,
	"nMLViolation":	197.399994,
	"nCLViolation":	2367.800049,
	"vMeasure":	0.709125,
	"duration":	11584.200195,
	"mlConst":	0.000000,
	"clConst":	0.000000
},
{
	"iterTerminate":	0.000000,
	"cost":	0.000000,
	"reachLocalMinimal":	-1.000000,
	"nConstraintOriginal":	0.000000,
	"nConstraintDeduced":	0.000000,
	"nMLStart":	0.000000,
	"nCLStart":	0.000000,
	"nMLViolation":	0.000000,
	"nCLViolation":	0.000000,
	"vMeasure":	0.000000,
	"duration":	0.000000,
	"mlConst":	0.000000,
	"clConst":	0.000000
},
{
	"iterTerminate":	0.000000,
	"cost":	0.000000,
	"reachLocalMinimal":	-1.000000,
	"nConstraintOriginal":	0.000000,
	"nConstraintDeduced":	0.000000,
	"nMLStart":	0.000000,
	"nCLStart":	0.000000,
	"nMLViolation":	0.000000,
	"nCLViolation":	0.000000,
	"vMeasure":	0.000000,
	"duration":	0.000000,
	"mlConst":	0.000000,
	"clConst":	0.000000
},
{
	"iterTerminate":	5.000000,
	"cost":	24964.312500,
	"reachLocalMinimal":	1.000000,
	"nConstraintOriginal":	2765.000000,
	"nConstraintDeduced":	271242.000000,
	"nMLStart":	44404.000000,
	"nCLStart":	498062.000000,
	"nMLViolation":	429.600006,
	"nCLViolation":	5020.399902,
	"vMeasure":	0.743618,
	"duration":	10432.799805,
	"mlConst":	0.000000,
	"clConst":	0.000000
},
{
	"iterTerminate":	2.200000,
	"cost":	53087.382812,
	"reachLocalMinimal":	1.000000,
	"nConstraintOriginal":	2817.000000,
	"nConstraintDeduced":	278151.000000,
	"nMLStart":	45924.000000,
	"nCLStart":	510366.000000,
	"nMLViolation":	2131.000000,
	"nCLViolation":	8169.399902,
	"vMeasure":	0.666596,
	"duration":	5276.200195,
	"mlConst":	0.000000,
	"clConst":	0.000000
},
{
	"iterTerminate":	4.400000,
	"cost":	21761.123047,
	"reachLocalMinimal":	1.000000,
	"nConstraintOriginal":	2848.000000,
	"nConstraintDeduced":	295103.000000,
	"nMLStart":	50688.000000,
	"nCLStart":	539510.000000,
	"nMLViolation":	536.200012,
	"nCLViolation":	3853.800049,
	"vMeasure":	0.781275,
	"duration":	9335.299805,
	"mlConst":	0.000000,
	"clConst":	0.000000
},
{
	"iterTerminate":	3.500000,
	"cost":	43536.097656,
	"reachLocalMinimal":	1.000000,
	"nConstraintOriginal":	2904.000000,
	"nConstraintDeduced":	294720.000000,
	"nMLStart":	47554.000000,
	"nCLStart":	541858.000000,
	"nMLViolation":	551.599976,
	"nCLViolation":	7420.200195,
	"vMeasure":	0.720420,
	"duration":	7639.600098,
	"mlConst":	0.000000,
	"clConst":	0.000000
},
{
	"iterTerminate":	4.600000,
	"cost":	24659.250000,
	"reachLocalMinimal":	1.000000,
	"nConstraintOriginal":	2938.000000,
	"nConstraintDeduced":	311807.000000,
	"nMLStart":	53050.000000,
	"nCLStart":	570546.000000,
	"nMLViolation":	658.200012,
	"nCLViolation":	4691.399902,
	"vMeasure":	0.797081,
	"duration":	9803.099609,
	"mlConst":	0.000000,
	"clConst":	0.000000
},
{
	"iterTerminate":	11.500000,
	"cost":	10980.005859,
	"reachLocalMinimal":	1.000000,
	"nConstraintOriginal":	296.000000,
	"nConstraintDeduced":	340.000000,
	"nMLStart":	226.000000,
	"nCLStart":	452.000000,
	"nMLViolation":	74.000000,
	"nCLViolation":	5.200000,
	"vMeasure":	0.381428,
	"duration":	20159.099609,
	"mlConst":	0.000000,
	"clConst":	0.000000
},
{
	"iterTerminate":	4.100000,
	"cost":	36751.664062,
	"reachLocalMinimal":	1.000000,
	"nConstraintOriginal":	3166.000000,
	"nConstraintDeduced":	328495.000000,
	"nMLStart":	56070.000000,
	"nCLStart":	600894.000000,
	"nMLViolation":	1498.599976,
	"nCLViolation":	4548.200195,
	"vMeasure":	0.778228,
	"duration":	9041.900391,
	"mlConst":	0.000000,
	"clConst":	0.000000
},
{
	"iterTerminate":	4.000000,
	"cost":	11037.853516,
	"reachLocalMinimal":	1.000000,
	"nConstraintOriginal":	323.000000,
	"nConstraintDeduced":	363.000000,
	"nMLStart":	246.000000,
	"nCLStart":	472.000000,
	"nMLViolation":	114.500000,
	"nCLViolation":	11.500000,
	"vMeasure":	0.347235,
	"duration":	7594.125000,
	"mlConst":	0.000000,
	"clConst":	0.000000
},
{
	"iterTerminate":	3.500000,
	"cost":	35812.398438,
	"reachLocalMinimal":	1.000000,
	"nConstraintOriginal":	3281.000000,
	"nConstraintDeduced":	325133.000000,
	"nMLStart":	54612.000000,
	"nCLStart":	595636.000000,
	"nMLViolation":	265.600006,
	"nCLViolation":	7118.600098,
	"vMeasure":	0.790513,
	"duration":	7779.700195,
	"mlConst":	0.000000,
	"clConst":	0.000000
},
{
	"iterTerminate":	3.600000,
	"cost":	28362.843750,
	"reachLocalMinimal":	1.000000,
	"nConstraintOriginal":	3343.000000,
	"nConstraintDeduced":	368141.000000,
	"nMLStart":	69596.000000,
	"nCLStart":	666668.000000,
	"nMLViolation":	1607.800049,
	"nCLViolation":	3773.600098,
	"vMeasure":	0.842919,
	"duration":	8181.000000,
	"mlConst":	0.000000,
	"clConst":	0.000000
},
{
	"iterTerminate":	4.300000,
	"cost":	22569.943359,
	"reachLocalMinimal":	1.000000,
	"nConstraintOriginal":	3484.000000,
	"nConstraintDeduced":	384017.000000,
	"nMLStart":	72506.000000,
	"nCLStart":	695512.000000,
	"nMLViolation":	494.399994,
	"nCLViolation":	3491.399902,
	"vMeasure":	0.883609,
	"duration":	9572.799805,
	"mlConst":	0.000000,
	"clConst":	0.000000
},
{
	"iterTerminate":	3.666667,
	"cost":	26063.587891,
	"reachLocalMinimal":	1.000000,
	"nConstraintOriginal":	3502.000000,
	"nConstraintDeduced":	353772.000000,
	"nMLStart":	65138.000000,
	"nCLStart":	642380.000000,
	"nMLViolation":	1249.333374,
	"nCLViolation":	8139.777832,
	"vMeasure":	0.815517,
	"duration":	8311.444336,
	"mlConst":	0.000000,
	"clConst":	0.000000
},
{
	"iterTerminate":	5.400000,
	"cost":	13568.668945,
	"reachLocalMinimal":	1.000000,
	"nConstraintOriginal":	3561.000000,
	"nConstraintDeduced":	384069.000000,
	"nMLStart":	72470.000000,
	"nCLStart":	695646.000000,
	"nMLViolation":	191.600006,
	"nCLViolation":	475.600006,
	"vMeasure":	0.913799,
	"duration":	11679.200195,
	"mlConst":	0.000000,
	"clConst":	0.000000
},
{
	"iterTerminate":	4.400000,
	"cost":	17726.000000,
	"reachLocalMinimal":	1.000000,
	"nConstraintOriginal":	3653.000000,
	"nConstraintDeduced":	393792.000000,
	"nMLStart":	73226.000000,
	"nCLStart":	714336.000000,
	"nMLViolation":	248.600006,
	"nCLViolation":	4404.200195,
	"vMeasure":	0.899405,
	"duration":	9773.099609,
	"mlConst":	0.000000,
	"clConst":	0.000000
},
{
	"iterTerminate":	13.100000,
	"cost":	10908.219727,
	"reachLocalMinimal":	1.000000,
	"nConstraintOriginal":	369.000000,
	"nConstraintDeduced":	437.000000,
	"nMLStart":	258.000000,
	"nCLStart":	608.000000,
	"nMLViolation":	83.800003,
	"nCLViolation":	11.400000,
	"vMeasure":	0.424164,
	"duration":	22670.500000,
	"mlConst":	0.000000,
	"clConst":	0.000000
},
{
	"iterTerminate":	0.000000,
	"cost":	0.000000,
	"reachLocalMinimal":	-1.000000,
	"nConstraintOriginal":	0.000000,
	"nConstraintDeduced":	0.000000,
	"nMLStart":	0.000000,
	"nCLStart":	0.000000,
	"nMLViolation":	0.000000,
	"nCLViolation":	0.000000,
	"vMeasure":	0.000000,
	"duration":	0.000000,
	"mlConst":	0.000000,
	"clConst":	0.000000
},
{
	"iterTerminate":	5.111111,
	"cost":	24805.298828,
	"reachLocalMinimal":	1.000000,
	"nConstraintOriginal":	3835.000000,
	"nConstraintDeduced":	376640.000000,
	"nMLStart":	69618.000000,
	"nCLStart":	683638.000000,
	"nMLViolation":	515.111084,
	"nCLViolation":	4481.111328,
	"vMeasure":	0.880767,
	"duration":	11203.555664,
	"mlConst":	0.000000,
	"clConst":	0.000000
},
{
	"iterTerminate":	3.700000,
	"cost":	28307.972656,
	"reachLocalMinimal":	1.000000,
	"nConstraintOriginal":	3940.000000,
	"nConstraintDeduced":	404062.000000,
	"nMLStart":	76418.000000,
	"nCLStart":	731682.000000,
	"nMLViolation":	1351.400024,
	"nCLViolation":	2838.399902,
	"vMeasure":	0.876304,
	"duration":	8620.099609,
	"mlConst":	0.000000,
	"clConst":	0.000000
},
{
	"iterTerminate":	4.666667,
	"cost":	32519.257812,
	"reachLocalMinimal":	1.000000,
	"nConstraintOriginal":	4011.000000,
	"nConstraintDeduced":	412298.000000,
	"nMLStart":	80142.000000,
	"nCLStart":	744420.000000,
	"nMLViolation":	785.555542,
	"nCLViolation":	4456.666504,
	"vMeasure":	0.914208,
	"duration":	10446.777344,
	"mlConst":	0.000000,
	"clConst":	0.000000
},
{
	"iterTerminate":	3.600000,
	"cost":	28152.941406,
	"reachLocalMinimal":	1.000000,
	"nConstraintOriginal":	4135.000000,
	"nConstraintDeduced":	410131.000000,
	"nMLStart":	77270.000000,
	"nCLStart":	742962.000000,
	"nMLViolation":	876.000000,
	"nCLViolation":	8630.599609,
	"vMeasure":	0.877578,
	"duration":	8372.700195,
	"mlConst":	0.000000,
	"clConst":	0.000000
},
{
	"iterTerminate":	2.750000,
	"cost":	43325.816406,
	"reachLocalMinimal":	1.000000,
	"nConstraintOriginal":	4157.000000,
	"nConstraintDeduced":	413462.000000,
	"nMLStart":	78718.000000,
	"nCLStart":	748178.000000,
	"nMLViolation":	2145.250000,
	"nCLViolation":	16411.500000,
	"vMeasure":	0.834287,
	"duration":	6670.250000,
	"mlConst":	0.000000,
	"clConst":	0.000000
},
{
	"iterTerminate":	0.000000,
	"cost":	0.000000,
	"reachLocalMinimal":	-1.000000,
	"nConstraintOriginal":	0.000000,
	"nConstraintDeduced":	0.000000,
	"nMLStart":	0.000000,
	"nCLStart":	0.000000,
	"nMLViolation":	0.000000,
	"nCLViolation":	0.000000,
	"vMeasure":	0.000000,
	"duration":	0.000000,
	"mlConst":	0.000000,
	"clConst":	0.000000
},
{
	"iterTerminate":	3.000000,
	"cost":	46397.105469,
	"reachLocalMinimal":	1.000000,
	"nConstraintOriginal":	4331.000000,
	"nConstraintDeduced":	419514.000000,
	"nMLStart":	80244.000000,
	"nCLStart":	758752.000000,
	"nMLViolation":	3851.333252,
	"nCLViolation":	24540.666016,
	"vMeasure":	0.830705,
	"duration":	7178.500000,
	"mlConst":	0.000000,
	"clConst":	0.000000
},
{
	"iterTerminate":	4.400000,
	"cost":	43866.519531,
	"reachLocalMinimal":	1.000000,
	"nConstraintOriginal":	4486.000000,
	"nConstraintDeduced":	435106.000000,
	"nMLStart":	84080.000000,
	"nCLStart":	786106.000000,
	"nMLViolation":	1816.400024,
	"nCLViolation":	11929.599609,
	"vMeasure":	0.900394,
	"duration":	10047.799805,
	"mlConst":	0.000000,
	"clConst":	0.000000
},
{
	"iterTerminate":	0.000000,
	"cost":	0.000000,
	"reachLocalMinimal":	-1.000000,
	"nConstraintOriginal":	0.000000,
	"nConstraintDeduced":	0.000000,
	"nMLStart":	0.000000,
	"nCLStart":	0.000000,
	"nMLViolation":	0.000000,
	"nCLViolation":	0.000000,
	"vMeasure":	0.000000,
	"duration":	0.000000,
	"mlConst":	0.000000,
	"clConst":	0.000000
},
{
	"iterTerminate":	2.000000,
	"cost":	43623.148438,
	"reachLocalMinimal":	1.000000,
	"nConstraintOriginal":	4532.000000,
	"nConstraintDeduced":	421931.000000,
	"nMLStart":	79172.000000,
	"nCLStart":	764662.000000,
	"nMLViolation":	2480.000000,
	"nCLViolation":	23273.000000,
	"vMeasure":	0.822940,
	"duration":	5261.000000,
	"mlConst":	0.000000,
	"clConst":	0.000000
},
{
	"iterTerminate":	2.333333,
	"cost":	75690.132812,
	"reachLocalMinimal":	1.000000,
	"nConstraintOriginal":	4632.000000,
	"nConstraintDeduced":	440140.000000,
	"nMLStart":	86668.000000,
	"nCLStart":	793588.000000,
	"nMLViolation":	1946.666626,
	"nCLViolation":	19963.000000,
	"vMeasure":	0.848452,
	"duration":	5983.000000,
	"mlConst":	0.000000,
	"clConst":	0.000000
},
{
	"iterTerminate":	2.250000,
	"cost":	78363.007812,
	"reachLocalMinimal":	1.000000,
	"nConstraintOriginal":	4720.000000,
	"nConstraintDeduced":	441446.000000,
	"nMLStart":	85606.000000,
	"nCLStart":	797258.000000,
	"nMLViolation":	1810.500000,
	"nCLViolation":	23305.000000,
	"vMeasure":	0.858266,
	"duration":	5820.000000,
	"mlConst":	0.000000,
	"clConst":	0.000000
},
{
	"iterTerminate":	2.000000,
	"cost":	11233.859375,
	"reachLocalMinimal":	1.000000,
	"nConstraintOriginal":	483.000000,
	"nConstraintDeduced":	651.000000,
	"nMLStart":	426.000000,
	"nCLStart":	874.000000,
	"nMLViolation":	166.000000,
	"nCLViolation":	35.599998,
	"vMeasure":	0.351239,
	"duration":	4313.799805,
	"mlConst":	0.000000,
	"clConst":	0.000000
},
{
	"iterTerminate":	3.571429,
	"cost":	30981.511719,
	"reachLocalMinimal":	1.000000,
	"nConstraintOriginal":	4896.000000,
	"nConstraintDeduced":	439630.000000,
	"nMLStart":	84622.000000,
	"nCLStart":	794604.000000,
	"nMLViolation":	1495.428589,
	"nCLViolation":	5443.428711,
	"vMeasure":	0.917262,
	"duration":	8339.142578,
	"mlConst":	0.000000,
	"clConst":	0.000000
},
{
	"iterTerminate":	4.875000,
	"cost":	15545.923828,
	"reachLocalMinimal":	1.000000,
	"nConstraintOriginal":	4915.000000,
	"nConstraintDeduced":	439524.000000,
	"nMLStart":	84794.000000,
	"nCLStart":	794218.000000,
	"nMLViolation":	441.750000,
	"nCLViolation":	2620.500000,
	"vMeasure":	0.947932,
	"duration":	11006.750000,
	"mlConst":	0.000000,
	"clConst":	0.000000
},
{
	"iterTerminate":	4.500000,
	"cost":	19494.181641,
	"reachLocalMinimal":	1.000000,
	"nConstraintOriginal":	4979.000000,
	"nConstraintDeduced":	443204.000000,
	"nMLStart":	86054.000000,
	"nCLStart":	800326.000000,
	"nMLViolation":	849.500000,
	"nCLViolation":	6486.000000,
	"vMeasure":	0.926957,
	"duration":	10301.000000,
	"mlConst":	0.000000,
	"clConst":	0.000000
},
{
	"iterTerminate":	2.000000,
	"cost":	39215.277344,
	"reachLocalMinimal":	1.000000,
	"nConstraintOriginal":	4980.000000,
	"nConstraintDeduced":	445716.000000,
	"nMLStart":	86158.000000,
	"nCLStart":	805248.000000,
	"nMLViolation":	759.000000,
	"nCLViolation":	10374.000000,
	"vMeasure":	0.890682,
	"duration":	5343.500000,
	"mlConst":	0.000000,
	"clConst":	0.000000
},
{
	"iterTerminate":	3.750000,
	"cost":	58246.558594,
	"reachLocalMinimal":	1.000000,
	"nConstraintOriginal":	5208.000000,
	"nConstraintDeduced":	458017.000000,
	"nMLStart":	89576.000000,
	"nCLStart":	826416.000000,
	"nMLViolation":	4801.000000,
	"nCLViolation":	13063.000000,
	"vMeasure":	0.899491,
	"duration":	9045.500000,
	"mlConst":	0.000000,
	"clConst":	0.000000
},
{
	"iterTerminate":	4.000000,
	"cost":	46737.484375,
	"reachLocalMinimal":	1.000000,
	"nConstraintOriginal":	5226.000000,
	"nConstraintDeduced":	455048.000000,
	"nMLStart":	89192.000000,
	"nCLStart":	820882.000000,
	"nMLViolation":	473.200012,
	"nCLViolation":	11588.000000,
	"vMeasure":	0.920684,
	"duration":	9380.200195,
	"mlConst":	0.000000,
	"clConst":	0.000000
},
{
	"iterTerminate":	9.600000,
	"cost":	11093.083008,
	"reachLocalMinimal":	1.000000,
	"nConstraintOriginal":	532.000000,
	"nConstraintDeduced":	760.000000,
	"nMLStart":	510.000000,
	"nCLStart":	1006.000000,
	"nMLViolation":	116.599998,
	"nCLViolation":	17.000000,
	"vMeasure":	0.404180,
	"duration":	16802.699219,
	"mlConst":	0.000000,
	"clConst":	0.000000
},
{
	"iterTerminate":	5.500000,
	"cost":	89715.851562,
	"reachLocalMinimal":	1.000000,
	"nConstraintOriginal":	5330.000000,
	"nConstraintDeduced":	463378.000000,
	"nMLStart":	90690.000000,
	"nCLStart":	836030.000000,
	"nMLViolation":	1394.000000,
	"nCLViolation":	1644.000000,
	"vMeasure":	0.951665,
	"duration":	12627.000000,
	"mlConst":	0.000000,
	"clConst":	0.000000
},
{
	"iterTerminate":	2.250000,
	"cost":	40339.390625,
	"reachLocalMinimal":	1.000000,
	"nConstraintOriginal":	5638.000000,
	"nConstraintDeduced":	466527.000000,
	"nMLStart":	92032.000000,
	"nCLStart":	840994.000000,
	"nMLViolation":	3308.500000,
	"nCLViolation":	14056.500000,
	"vMeasure":	0.902416,
	"duration":	6002.750000,
	"mlConst":	0.000000,
	"clConst":	0.000000
},
{
	"iterTerminate":	3.428571,
	"cost":	10989.165039,
	"reachLocalMinimal":	1.000000,
	"nConstraintOriginal":	563.000000,
	"nConstraintDeduced":	863.000000,
	"nMLStart":	496.000000,
	"nCLStart":	1226.000000,
	"nMLViolation":	148.571426,
	"nCLViolation":	27.142857,
	"vMeasure":	0.414236,
	"duration":	6601.571289,
	"mlConst":	0.000000,
	"clConst":	0.000000
},
{
	"iterTerminate":	2.666667,
	"cost":	46431.687500,
	"reachLocalMinimal":	1.000000,
	"nConstraintOriginal":	5742.000000,
	"nConstraintDeduced":	471190.000000,
	"nMLStart":	93328.000000,
	"nCLStart":	849020.000000,
	"nMLViolation":	2110.666748,
	"nCLViolation":	9415.000000,
	"vMeasure":	0.926794,
	"duration":	6838.333496,
	"mlConst":	0.000000,
	"clConst":	0.000000
},
{
	"iterTerminate":	4.600000,
	"cost":	11124.879883,
	"reachLocalMinimal":	1.000000,
	"nConstraintOriginal":	577.000000,
	"nConstraintDeduced":	882.000000,
	"nMLStart":	484.000000,
	"nCLStart":	1276.000000,
	"nMLViolation":	190.399994,
	"nCLViolation":	26.799999,
	"vMeasure":	0.385007,
	"duration":	8665.500000,
	"mlConst":	0.000000,
	"clConst":	0.000000
},
{
	"iterTerminate":	4.166667,
	"cost":	33054.968750,
	"reachLocalMinimal":	1.000000,
	"nConstraintOriginal":	5802.000000,
	"nConstraintDeduced":	471342.000000,
	"nMLStart":	91714.000000,
	"nCLStart":	850948.000000,
	"nMLViolation":	1301.666626,
	"nCLViolation":	10533.333008,
	"vMeasure":	0.939723,
	"duration":	9911.833008,
	"mlConst":	0.000000,
	"clConst":	0.000000
},
{
	"iterTerminate":	4.700000,
	"cost":	25820.697266,
	"reachLocalMinimal":	1.000000,
	"nConstraintOriginal":	5940.000000,
	"nConstraintDeduced":	461233.000000,
	"nMLStart":	91080.000000,
	"nCLStart":	831346.000000,
	"nMLViolation":	484.799988,
	"nCLViolation":	6105.399902,
	"vMeasure":	0.951029,
	"duration":	10918.500000,
	"mlConst":	0.000000,
	"clConst":	0.000000
},
{
	"iterTerminate":	4.000000,
	"cost":	23834.921875,
	"reachLocalMinimal":	1.000000,
	"nConstraintOriginal":	6035.000000,
	"nConstraintDeduced":	473962.000000,
	"nMLStart":	92758.000000,
	"nCLStart":	855132.000000,
	"nMLViolation":	1038.000000,
	"nCLViolation":	1821.000000,
	"vMeasure":	0.956933,
	"duration":	9570.000000,
	"mlConst":	0.000000,
	"clConst":	0.000000
},
{
	"iterTerminate":	2.500000,
	"cost":	49030.945312,
	"reachLocalMinimal":	1.000000,
	"nConstraintOriginal":	6089.000000,
	"nConstraintDeduced":	467689.000000,
	"nMLStart":	92028.000000,
	"nCLStart":	843306.000000,
	"nMLViolation":	3264.750000,
	"nCLViolation":	14313.500000,
	"vMeasure":	0.902993,
	"duration":	6483.750000,
	"mlConst":	0.000000,
	"clConst":	0.000000
},
{
	"iterTerminate":	2.500000,
	"cost":	45519.195312,
	"reachLocalMinimal":	1.000000,
	"nConstraintOriginal":	6261.000000,
	"nConstraintDeduced":	471400.000000,
	"nMLStart":	93138.000000,
	"nCLStart":	849626.000000,
	"nMLViolation":	2776.000000,
	"nCLViolation":	17392.500000,
	"vMeasure":	0.902388,
	"duration":	6411.750000,
	"mlConst":	0.000000,
	"clConst":	0.000000
},
{
	"iterTerminate":	9.700000,
	"cost":	10984.259766,
	"reachLocalMinimal":	1.000000,
	"nConstraintOriginal":	626.000000,
	"nConstraintDeduced":	1213.000000,
	"nMLStart":	680.000000,
	"nCLStart":	1742.000000,
	"nMLViolation":	158.600006,
	"nCLViolation":	20.000000,
	"vMeasure":	0.412747,
	"duration":	17044.099609,
	"mlConst":	0.000000,
	"clConst":	0.000000
},
{
	"iterTerminate":	2.500000,
	"cost":	44398.269531,
	"reachLocalMinimal":	1.000000,
	"nConstraintOriginal":	6476.000000,
	"nConstraintDeduced":	470452.000000,
	"nMLStart":	92010.000000,
	"nCLStart":	848854.000000,
	"nMLViolation":	1857.000000,
	"nCLViolation":	12893.000000,
	"vMeasure":	0.909845,
	"duration":	6399.500000,
	"mlConst":	0.000000,
	"clConst":	0.000000
},
{
	"iterTerminate":	0.000000,
	"cost":	0.000000,
	"reachLocalMinimal":	-1.000000,
	"nConstraintOriginal":	0.000000,
	"nConstraintDeduced":	0.000000,
	"nMLStart":	0.000000,
	"nCLStart":	0.000000,
	"nMLViolation":	0.000000,
	"nCLViolation":	0.000000,
	"vMeasure":	0.000000,
	"duration":	0.000000,
	"mlConst":	0.000000,
	"clConst":	0.000000
},
{
	"iterTerminate":	4.000000,
	"cost":	10991.401367,
	"reachLocalMinimal":	1.000000,
	"nConstraintOriginal":	692.000000,
	"nConstraintDeduced":	1459.000000,
	"nMLStart":	702.000000,
	"nCLStart":	2212.000000,
	"nMLViolation":	157.199997,
	"nCLViolation":	67.199997,
	"vMeasure":	0.418558,
	"duration":	7641.299805,
	"mlConst":	0.000000,
	"clConst":	0.000000
},
{
	"iterTerminate":	8.200000,
	"cost":	10934.421875,
	"reachLocalMinimal":	1.000000,
	"nConstraintOriginal":	711.000000,
	"nConstraintDeduced":	1279.000000,
	"nMLStart":	674.000000,
	"nCLStart":	1884.000000,
	"nMLViolation":	132.600006,
	"nCLViolation":	21.600000,
	"vMeasure":	0.481366,
	"duration":	14652.700195,
	"mlConst":	0.000000,
	"clConst":	0.000000
},
{
	"iterTerminate":	5.888889,
	"cost":	11000.769531,
	"reachLocalMinimal":	1.000000,
	"nConstraintOriginal":	741.000000,
	"nConstraintDeduced":	1546.000000,
	"nMLStart":	860.000000,
	"nCLStart":	2228.000000,
	"nMLViolation":	223.777771,
	"nCLViolation":	27.555555,
	"vMeasure":	0.441646,
	"duration":	10675.666992,
	"mlConst":	0.000000,
	"clConst":	0.000000
},
{
	"iterTerminate":	10.000000,
	"cost":	10968.923828,
	"reachLocalMinimal":	1.000000,
	"nConstraintOriginal":	750.000000,
	"nConstraintDeduced":	1356.000000,
	"nMLStart":	712.000000,
	"nCLStart":	1988.000000,
	"nMLViolation":	201.000000,
	"nCLViolation":	21.400000,
	"vMeasure":	0.434620,
	"duration":	17636.500000,
	"mlConst":	0.000000,
	"clConst":	0.000000
},
{
	"iterTerminate":	2.000000,
	"cost":	11274.503906,
	"reachLocalMinimal":	1.000000,
	"nConstraintOriginal":	761.000000,
	"nConstraintDeduced":	1824.000000,
	"nMLStart":	988.000000,
	"nCLStart":	2654.000000,
	"nMLViolation":	258.000000,
	"nCLViolation":	316.000000,
	"vMeasure":	0.283451,
	"duration":	4271.000000,
	"mlConst":	0.000000,
	"clConst":	0.000000
},
{
	"iterTerminate":	0.000000,
	"cost":	0.000000,
	"reachLocalMinimal":	-1.000000,
	"nConstraintOriginal":	0.000000,
	"nConstraintDeduced":	0.000000,
	"nMLStart":	0.000000,
	"nCLStart":	0.000000,
	"nMLViolation":	0.000000,
	"nCLViolation":	0.000000,
	"vMeasure":	0.000000,
	"duration":	0.000000,
	"mlConst":	0.000000,
	"clConst":	0.000000
},
{
	"iterTerminate":	10.900000,
	"cost":	10973.188477,
	"reachLocalMinimal":	1.000000,
	"nConstraintOriginal":	795.000000,
	"nConstraintDeduced":	2338.000000,
	"nMLStart":	1334.000000,
	"nCLStart":	3340.000000,
	"nMLViolation":	177.600006,
	"nCLViolation":	27.799999,
	"vMeasure":	0.446824,
	"duration":	19168.800781,
	"mlConst":	0.000000,
	"clConst":	0.000000
},
{
	"iterTerminate":	12.500000,
	"cost":	10868.580078,
	"reachLocalMinimal":	1.000000,
	"nConstraintOriginal":	84.000000,
	"nConstraintDeduced":	87.000000,
	"nMLStart":	64.000000,
	"nCLStart":	110.000000,
	"nMLViolation":	20.600000,
	"nCLViolation":	0.200000,
	"vMeasure":	0.425278,
	"duration":	21808.099609,
	"mlConst":	0.000000,
	"clConst":	0.000000
},
{
	"iterTerminate":	9.400000,
	"cost":	11143.895508,
	"reachLocalMinimal":	1.000000,
	"nConstraintOriginal":	975.000000,
	"nConstraintDeduced":	3080.000000,
	"nMLStart":	1526.000000,
	"nCLStart":	4628.000000,
	"nMLViolation":	237.600006,
	"nCLViolation":	24.600000,
	"vMeasure":	0.456411,
	"duration":	16544.400391,
	"mlConst":	0.000000,
	"clConst":	0.000000
},
{
	"iterTerminate":	0.000000,
	"cost":	0.000000,
	"reachLocalMinimal":	-1.000000,
	"nConstraintOriginal":	0.000000,
	"nConstraintDeduced":	0.000000,
	"nMLStart":	0.000000,
	"nCLStart":	0.000000,
	"nMLViolation":	0.000000,
	"nCLViolation":	0.000000,
	"vMeasure":	0.000000,
	"duration":	0.000000,
	"mlConst":	0.000000,
	"clConst":	0.000000
},
{
	"iterTerminate":	8.900000,
	"cost":	11088.381836,
	"reachLocalMinimal":	1.000000,
	"nConstraintOriginal":	990.000000,
	"nConstraintDeduced":	4717.000000,
	"nMLStart":	1768.000000,
	"nCLStart":	7664.000000,
	"nMLViolation":	225.800003,
	"nCLViolation":	19.200001,
	"vMeasure":	0.446367,
	"duration":	15830.299805,
	"mlConst":	0.000000,
	"clConst":	0.000000
}
]