[
{
	"iterTerminate":	11.000000,
	"cost":	100481.953125,
	"reachLocalMinimal":	1.000000,
	"nConstraintOriginal":	101261.000000,
	"nConstraintDeduced":	6074355.000000,
	"nMLStart":	1657368.000000,
	"nCLStart":	10491342.000000,
	"nMLViolation":	0.000000,
	"nCLViolation":	228553.593750,
	"vMeasure":	0.810698,
	"duration":	81374.398438,
	"mlConst":	0.000000,
	"clConst":	0.000000
},
{
	"iterTerminate":	8.000000,
	"cost":	39822.710938,
	"reachLocalMinimal":	1.000000,
	"nConstraintOriginal":	104419.000000,
	"nConstraintDeduced":	6130251.000000,
	"nMLStart":	1634424.000000,
	"nCLStart":	10626078.000000,
	"nMLViolation":	0.000000,
	"nCLViolation":	8329.599609,
	"vMeasure":	0.844669,
	"duration":	62030.000000,
	"mlConst":	0.000000,
	"clConst":	0.000000
},
{
	"iterTerminate":	6.800000,
	"cost":	54057.523438,
	"reachLocalMinimal":	1.000000,
	"nConstraintOriginal":	109491.000000,
	"nConstraintDeduced":	6377806.000000,
	"nMLStart":	1692268.000000,
	"nCLStart":	11063344.000000,
	"nMLViolation":	0.000000,
	"nCLViolation":	62658.398438,
	"vMeasure":	0.856391,
	"duration":	55921.199219,
	"mlConst":	0.000000,
	"clConst":	0.000000
},
{
	"iterTerminate":	8.800000,
	"cost":	43579.382812,
	"reachLocalMinimal":	1.000000,
	"nConstraintOriginal":	112224.000000,
	"nConstraintDeduced":	6546771.000000,
	"nMLStart":	1721166.000000,
	"nCLStart":	11372376.000000,
	"nMLViolation":	0.000000,
	"nCLViolation":	21684.000000,
	"vMeasure":	0.880249,
	"duration":	71246.601562,
	"mlConst":	0.000000,
	"clConst":	0.000000
},
{
	"iterTerminate":	23.000000,
	"cost":	43721.515625,
	"reachLocalMinimal":	1.000000,
	"nConstraintOriginal":	11226.000000,
	"nConstraintDeduced":	1558331.000000,
	"nMLStart":	486788.000000,
	"nCLStart":	2629874.000000,
	"nMLViolation":	0.000000,
	"nCLViolation":	26037.599609,
	"vMeasure":	0.402072,
	"duration":	55081.601562,
	"mlConst":	0.000000,
	"clConst":	0.000000
},
{
	"iterTerminate":	6.400000,
	"cost":	114335.875000,
	"reachLocalMinimal":	1.000000,
	"nConstraintOriginal":	120195.000000,
	"nConstraintDeduced":	6612066.000000,
	"nMLStart":	1743710.000000,
	"nCLStart":	11480422.000000,
	"nMLViolation":	0.000000,
	"nCLViolation":	280152.000000,
	"vMeasure":	0.869845,
	"duration":	58039.398438,
	"mlConst":	0.000000,
	"clConst":	0.000000
},
{
	"iterTerminate":	18.200001,
	"cost":	37810.445312,
	"reachLocalMinimal":	1.000000,
	"nConstraintOriginal":	12079.000000,
	"nConstraintDeduced":	1553230.000000,
	"nMLStart":	476352.000000,
	"nCLStart":	2630108.000000,
	"nMLViolation":	0.000000,
	"nCLViolation":	3326.399902,
	"vMeasure":	0.387428,
	"duration":	44642.800781,
	"mlConst":	0.000000,
	"clConst":	0.000000
},
{
	"iterTerminate":	6.000000,
	"cost":	86199.554688,
	"reachLocalMinimal":	1.000000,
	"nConstraintOriginal":	125345.000000,
	"nConstraintDeduced":	6586635.000000,
	"nMLStart":	1732398.000000,
	"nCLStart":	11440872.000000,
	"nMLViolation":	0.000000,
	"nCLViolation":	177044.406250,
	"vMeasure":	0.871939,
	"duration":	55178.800781,
	"mlConst":	0.000000,
	"clConst":	0.000000
},
{
	"iterTerminate":	23.600000,
	"cost":	37822.523438,
	"reachLocalMinimal":	1.000000,
	"nConstraintOriginal":	12570.000000,
	"nConstraintDeduced":	1703996.000000,
	"nMLStart":	611958.000000,
	"nCLStart":	2796034.000000,
	"nMLViolation":	3.600000,
	"nCLViolation":	3328.800049,
	"vMeasure":	0.406964,
	"duration":	59648.800781,
	"mlConst":	0.000000,
	"clConst":	0.000000
},
{
	"iterTerminate":	6.400000,
	"cost":	46987.445312,
	"reachLocalMinimal":	1.000000,
	"nConstraintOriginal":	127849.000000,
	"nConstraintDeduced":	6431491.000000,
	"nMLStart":	1704990.000000,
	"nCLStart":	11157992.000000,
	"nMLViolation":	0.000000,
	"nCLViolation":	35229.199219,
	"vMeasure":	0.872724,
	"duration":	52738.398438,
	"mlConst":	0.000000,
	"clConst":	0.000000
},
{
	"iterTerminate":	22.400000,
	"cost":	37022.375000,
	"reachLocalMinimal":	1.000000,
	"nConstraintOriginal":	14956.000000,
	"nConstraintDeduced":	2114820.000000,
	"nMLStart":	674740.000000,
	"nCLStart":	3554900.000000,
	"nMLViolation":	0.000000,
	"nCLViolation":	0.000000,
	"vMeasure":	0.455112,
	"duration":	67454.796875,
	"mlConst":	0.000000,
	"clConst":	0.000000
},
{
	"iterTerminate":	17.799999,
	"cost":	37096.105469,
	"reachLocalMinimal":	1.000000,
	"nConstraintOriginal":	16246.000000,
	"nConstraintDeduced":	2532379.000000,
	"nMLStart":	780632.000000,
	"nCLStart":	4284126.000000,
	"nMLViolation":	0.000000,
	"nCLViolation":	0.000000,
	"vMeasure":	0.518627,
	"duration":	58847.601562,
	"mlConst":	0.000000,
	"clConst":	0.000000
},
{
	"iterTerminate":	20.799999,
	"cost":	38530.179688,
	"reachLocalMinimal":	1.000000,
	"nConstraintOriginal":	18246.000000,
	"nConstraintDeduced":	2675993.000000,
	"nMLStart":	817396.000000,
	"nCLStart":	4534590.000000,
	"nMLViolation":	0.000000,
	"nCLViolation":	5319.200195,
	"vMeasure":	0.511428,
	"duration":	70577.398438,
	"mlConst":	0.000000,
	"clConst":	0.000000
},
{
	"iterTerminate":	23.799999,
	"cost":	38184.742188,
	"reachLocalMinimal":	1.000000,
	"nConstraintOriginal":	19409.000000,
	"nConstraintDeduced":	2854364.000000,
	"nMLStart":	940722.000000,
	"nCLStart":	4768006.000000,
	"nMLViolation":	0.000000,
	"nCLViolation":	3830.800049,
	"vMeasure":	0.533548,
	"duration":	82277.398438,
	"mlConst":	0.000000,
	"clConst":	0.000000
},
{
	"iterTerminate":	22.400000,
	"cost":	39464.664062,
	"reachLocalMinimal":	1.000000,
	"nConstraintOriginal":	21683.000000,
	"nConstraintDeduced":	3065094.000000,
	"nMLStart":	966100.000000,
	"nCLStart":	5164088.000000,
	"nMLViolation":	0.000000,
	"nCLViolation":	8347.599609,
	"vMeasure":	0.562322,
	"duration":	81470.000000,
	"mlConst":	0.000000,
	"clConst":	0.000000
},
{
	"iterTerminate":	18.200001,
	"cost":	37762.613281,
	"reachLocalMinimal":	1.000000,
	"nConstraintOriginal":	23452.000000,
	"nConstraintDeduced":	2815650.000000,
	"nMLStart":	838254.000000,
	"nCLStart":	4793046.000000,
	"nMLViolation":	0.000000,
	"nCLViolation":	2060.800049,
	"vMeasure":	0.542805,
	"duration":	64122.601562,
	"mlConst":	0.000000,
	"clConst":	0.000000
},
{
	"iterTerminate":	13.600000,
	"cost":	54149.898438,
	"reachLocalMinimal":	1.000000,
	"nConstraintOriginal":	24165.000000,
	"nConstraintDeduced":	3294028.000000,
	"nMLStart":	1031294.000000,
	"nCLStart":	5556762.000000,
	"nMLViolation":	0.000000,
	"nCLViolation":	62076.000000,
	"vMeasure":	0.566871,
	"duration":	54817.199219,
	"mlConst":	0.000000,
	"clConst":	0.000000
},
{
	"iterTerminate":	20.400000,
	"cost":	37818.148438,
	"reachLocalMinimal":	1.000000,
	"nConstraintOriginal":	27026.000000,
	"nConstraintDeduced":	3496427.250000,
	"nMLStart":	1052782.000000,
	"nCLStart":	5940072.000000,
	"nMLViolation":	0.000000,
	"nCLViolation":	1878.800049,
	"vMeasure":	0.586015,
	"duration":	84182.796875,
	"mlConst":	0.000000,
	"clConst":	0.000000
},
{
	"iterTerminate":	27.200001,
	"cost":	47727.226562,
	"reachLocalMinimal":	1.000000,
	"nConstraintOriginal":	2781.000000,
	"nConstraintDeduced":	90444.000000,
	"nMLStart":	54672.000000,
	"nCLStart":	126216.000000,
	"nMLViolation":	52.799999,
	"nCLViolation":	42880.000000,
	"vMeasure":	0.170442,
	"duration":	34525.800781,
	"mlConst":	0.000000,
	"clConst":	0.000000
},
{
	"iterTerminate":	25.400000,
	"cost":	57169.125000,
	"reachLocalMinimal":	1.000000,
	"nConstraintOriginal":	2908.000000,
	"nConstraintDeduced":	184997.000000,
	"nMLStart":	95332.000000,
	"nCLStart":	274662.000000,
	"nMLViolation":	22.000000,
	"nCLViolation":	78804.000000,
	"vMeasure":	0.180490,
	"duration":	34081.800781,
	"mlConst":	0.000000,
	"clConst":	0.000000
},
{
	"iterTerminate":	10.800000,
	"cost":	49399.773438,
	"reachLocalMinimal":	1.000000,
	"nConstraintOriginal":	29531.000000,
	"nConstraintDeduced":	4284077.000000,
	"nMLStart":	1247778.000000,
	"nCLStart":	7320376.000000,
	"nMLViolation":	0.000000,
	"nCLViolation":	42460.000000,
	"vMeasure":	0.668480,
	"duration":	55815.800781,
	"mlConst":	0.000000,
	"clConst":	0.000000
},
{
	"iterTerminate":	12.600000,
	"cost":	50231.070312,
	"reachLocalMinimal":	1.000000,
	"nConstraintOriginal":	31761.000000,
	"nConstraintDeduced":	4116382.000000,
	"nMLStart":	1180224.000000,
	"nCLStart":	7052540.000000,
	"nMLViolation":	0.000000,
	"nCLViolation":	44992.000000,
	"vMeasure":	0.639101,
	"duration":	61672.199219,
	"mlConst":	0.000000,
	"clConst":	0.000000
},
{
	"iterTerminate":	16.200001,
	"cost":	37313.328125,
	"reachLocalMinimal":	1.000000,
	"nConstraintOriginal":	34460.000000,
	"nConstraintDeduced":	4029404.750000,
	"nMLStart":	1216478.000000,
	"nCLStart":	6842332.000000,
	"nMLViolation":	0.000000,
	"nCLViolation":	0.000000,
	"vMeasure":	0.647597,
	"duration":	74981.000000,
	"mlConst":	0.000000,
	"clConst":	0.000000
},
{
	"iterTerminate":	18.200001,
	"cost":	37334.324219,
	"reachLocalMinimal":	1.000000,
	"nConstraintOriginal":	37489.000000,
	"nConstraintDeduced":	4094091.250000,
	"nMLStart":	1221736.000000,
	"nCLStart":	6966446.500000,
	"nMLViolation":	0.000000,
	"nCLViolation":	0.000000,
	"vMeasure":	0.657377,
	"duration":	86430.000000,
	"mlConst":	0.000000,
	"clConst":	0.000000
},
{
	"iterTerminate":	14.400000,
	"cost":	59870.476562,
	"reachLocalMinimal":	1.000000,
	"nConstraintOriginal":	39037.000000,
	"nConstraintDeduced":	4542382.000000,
	"nMLStart":	1272464.000000,
	"nCLStart":	7812300.000000,
	"nMLViolation":	0.000000,
	"nCLViolation":	83838.000000,
	"vMeasure":	0.681328,
	"duration":	75439.203125,
	"mlConst":	0.000000,
	"clConst":	0.000000
},
{
	"iterTerminate":	12.600000,
	"cost":	43146.929688,
	"reachLocalMinimal":	1.000000,
	"nConstraintOriginal":	40350.000000,
	"nConstraintDeduced":	4707846.000000,
	"nMLStart":	1355592.000000,
	"nCLStart":	8060100.000000,
	"nMLViolation":	0.000000,
	"nCLViolation":	21859.599609,
	"vMeasure":	0.710256,
	"duration":	69559.601562,
	"mlConst":	0.000000,
	"clConst":	0.000000
},
{
	"iterTerminate":	15.600000,
	"cost":	48056.906250,
	"reachLocalMinimal":	1.000000,
	"nConstraintOriginal":	42937.000000,
	"nConstraintDeduced":	4432150.000000,
	"nMLStart":	1303332.000000,
	"nCLStart":	7560968.000000,
	"nMLViolation":	0.000000,
	"nCLViolation":	37520.000000,
	"vMeasure":	0.680857,
	"duration":	80616.203125,
	"mlConst":	0.000000,
	"clConst":	0.000000
},
{
	"iterTerminate":	27.400000,
	"cost":	36551.300781,
	"reachLocalMinimal":	1.000000,
	"nConstraintOriginal":	4319.000000,
	"nConstraintDeduced":	343116.000000,
	"nMLStart":	143478.000000,
	"nCLStart":	542754.000000,
	"nMLViolation":	10.400000,
	"nCLViolation":	0.000000,
	"vMeasure":	0.241858,
	"duration":	39945.199219,
	"mlConst":	0.000000,
	"clConst":	0.000000
},
{
	"iterTerminate":	13.200000,
	"cost":	37378.343750,
	"reachLocalMinimal":	1.000000,
	"nConstraintOriginal":	47269.000000,
	"nConstraintDeduced":	4809576.000000,
	"nMLStart":	1398780.000000,
	"nCLStart":	8220372.000000,
	"nMLViolation":	0.000000,
	"nCLViolation":	0.000000,
	"vMeasure":	0.718114,
	"duration":	72744.398438,
	"mlConst":	0.000000,
	"clConst":	0.000000
},
{
	"iterTerminate":	26.600000,
	"cost":	36433.031250,
	"reachLocalMinimal":	1.000000,
	"nConstraintOriginal":	4919.000000,
	"nConstraintDeduced":	303960.000000,
	"nMLStart":	116858.000000,
	"nCLStart":	491062.000000,
	"nMLViolation":	10.400000,
	"nCLViolation":	0.000000,
	"vMeasure":	0.224028,
	"duration":	37647.398438,
	"mlConst":	0.000000,
	"clConst":	0.000000
},
{
	"iterTerminate":	12.200000,
	"cost":	48300.394531,
	"reachLocalMinimal":	1.000000,
	"nConstraintOriginal":	49758.000000,
	"nConstraintDeduced":	5012024.000000,
	"nMLStart":	1369030.000000,
	"nCLStart":	8655018.000000,
	"nMLViolation":	0.000000,
	"nCLViolation":	41552.000000,
	"vMeasure":	0.740205,
	"duration":	71866.601562,
	"mlConst":	0.000000,
	"clConst":	0.000000
},
{
	"iterTerminate":	14.400000,
	"cost":	43204.519531,
	"reachLocalMinimal":	1.000000,
	"nConstraintOriginal":	53469.000000,
	"nConstraintDeduced":	5041900.000000,
	"nMLStart":	1389236.000000,
	"nCLStart":	8694564.000000,
	"nMLViolation":	0.000000,
	"nCLViolation":	21924.000000,
	"vMeasure":	0.734468,
	"duration":	84742.000000,
	"mlConst":	0.000000,
	"clConst":	0.000000
},
{
	"iterTerminate":	11.000000,
	"cost":	38931.132812,
	"reachLocalMinimal":	1.000000,
	"nConstraintOriginal":	54784.000000,
	"nConstraintDeduced":	4917618.000000,
	"nMLStart":	1396482.000000,
	"nCLStart":	8438754.000000,
	"nMLViolation":	0.000000,
	"nCLViolation":	5546.000000,
	"vMeasure":	0.725278,
	"duration":	66058.796875,
	"mlConst":	0.000000,
	"clConst":	0.000000
},
{
	"iterTerminate":	9.800000,
	"cost":	49213.832031,
	"reachLocalMinimal":	1.000000,
	"nConstraintOriginal":	60271.000000,
	"nConstraintDeduced":	5751136.000000,
	"nMLStart":	1536070.000000,
	"nCLStart":	9966202.000000,
	"nMLViolation":	0.000000,
	"nCLViolation":	43212.000000,
	"vMeasure":	0.805472,
	"duration":	70121.398438,
	"mlConst":	0.000000,
	"clConst":	0.000000
},
{
	"iterTerminate":	25.200001,
	"cost":	36620.320312,
	"reachLocalMinimal":	1.000000,
	"nConstraintOriginal":	6119.000000,
	"nConstraintDeduced":	757159.000000,
	"nMLStart":	303936.000000,
	"nCLStart":	1210382.000000,
	"nMLViolation":	11.200000,
	"nCLViolation":	0.000000,
	"vMeasure":	0.303876,
	"duration":	46592.800781,
	"mlConst":	0.000000,
	"clConst":	0.000000
},
{
	"iterTerminate":	27.799999,
	"cost":	36613.578125,
	"reachLocalMinimal":	1.000000,
	"nConstraintOriginal":	6347.000000,
	"nConstraintDeduced":	542445.000000,
	"nMLStart":	218344.000000,
	"nCLStart":	866546.000000,
	"nMLViolation":	8.800000,
	"nCLViolation":	0.000000,
	"vMeasure":	0.264947,
	"duration":	45103.601562,
	"mlConst":	0.000000,
	"clConst":	0.000000
},
{
	"iterTerminate":	9.600000,
	"cost":	73185.773438,
	"reachLocalMinimal":	1.000000,
	"nConstraintOriginal":	64773.000000,
	"nConstraintDeduced":	5572791.000000,
	"nMLStart":	1517618.000000,
	"nCLStart":	9627964.000000,
	"nMLViolation":	0.000000,
	"nCLViolation":	130174.000000,
	"vMeasure":	0.781808,
	"duration":	67910.000000,
	"mlConst":	0.000000,
	"clConst":	0.000000
},
{
	"iterTerminate":	14.000000,
	"cost":	42796.496094,
	"reachLocalMinimal":	1.000000,
	"nConstraintOriginal":	66039.000000,
	"nConstraintDeduced":	5374281.000000,
	"nMLStart":	1466440.000000,
	"nCLStart":	9282122.000000,
	"nMLViolation":	0.000000,
	"nCLViolation":	19219.199219,
	"vMeasure":	0.770299,
	"duration":	90803.000000,
	"mlConst":	0.000000,
	"clConst":	0.000000
},
{
	"iterTerminate":	10.000000,
	"cost":	42589.335938,
	"reachLocalMinimal":	1.000000,
	"nConstraintOriginal":	68555.000000,
	"nConstraintDeduced":	5612925.000000,
	"nMLStart":	1542856.000000,
	"nCLStart":	9682994.000000,
	"nMLViolation":	0.000000,
	"nCLViolation":	18724.800781,
	"vMeasure":	0.787239,
	"duration":	68856.203125,
	"mlConst":	0.000000,
	"clConst":	0.000000
},
{
	"iterTerminate":	11.400000,
	"cost":	39205.453125,
	"reachLocalMinimal":	1.000000,
	"nConstraintOriginal":	70051.000000,
	"nConstraintDeduced":	5423571.000000,
	"nMLStart":	1506324.000000,
	"nCLStart":	9340818.000000,
	"nMLViolation":	0.000000,
	"nCLViolation":	6364.799805,
	"vMeasure":	0.782751,
	"duration":	74274.203125,
	"mlConst":	0.000000,
	"clConst":	0.000000
},
{
	"iterTerminate":	10.000000,
	"cost":	57872.386719,
	"reachLocalMinimal":	1.000000,
	"nConstraintOriginal":	74080.000000,
	"nConstraintDeduced":	5552778.000000,
	"nMLStart":	1491596.000000,
	"nCLStart":	9613960.000000,
	"nMLViolation":	0.000000,
	"nCLViolation":	73314.796875,
	"vMeasure":	0.789758,
	"duration":	67537.796875,
	"mlConst":	0.000000,
	"clConst":	0.000000
},
{
	"iterTerminate":	9.800000,
	"cost":	45306.652344,
	"reachLocalMinimal":	1.000000,
	"nConstraintOriginal":	76928.000000,
	"nConstraintDeduced":	5984070.000000,
	"nMLStart":	1628510.000000,
	"nCLStart":	10339630.000000,
	"nMLViolation":	0.000000,
	"nCLViolation":	28991.199219,
	"vMeasure":	0.832487,
	"duration":	72790.601562,
	"mlConst":	0.000000,
	"clConst":	0.000000
},
{
	"iterTerminate":	21.400000,
	"cost":	36821.250000,
	"reachLocalMinimal":	1.000000,
	"nConstraintOriginal":	8181.000000,
	"nConstraintDeduced":	1122924.000000,
	"nMLStart":	405690.000000,
	"nCLStart":	1840158.000000,
	"nMLViolation":	7.600000,
	"nCLViolation":	0.000000,
	"vMeasure":	0.343718,
	"duration":	44533.000000,
	"mlConst":	0.000000,
	"clConst":	0.000000
},
{
	"iterTerminate":	9.600000,
	"cost":	37502.402344,
	"reachLocalMinimal":	1.000000,
	"nConstraintOriginal":	81849.000000,
	"nConstraintDeduced":	6221628.000000,
	"nMLStart":	1642030.000000,
	"nCLStart":	10801226.000000,
	"nMLViolation":	0.000000,
	"nCLViolation":	0.000000,
	"vMeasure":	0.857291,
	"duration":	74006.203125,
	"mlConst":	0.000000,
	"clConst":	0.000000
},
{
	"iterTerminate":	7.800000,
	"cost":	43510.382812,
	"reachLocalMinimal":	1.000000,
	"nConstraintOriginal":	85480.000000,
	"nConstraintDeduced":	5908203.000000,
	"nMLStart":	1604998.000000,
	"nCLStart":	10211408.000000,
	"nMLViolation":	0.000000,
	"nCLViolation":	21483.199219,
	"vMeasure":	0.815757,
	"duration":	57158.601562,
	"mlConst":	0.000000,
	"clConst":	0.000000
},
{
	"iterTerminate":	6.600000,
	"cost":	100484.695312,
	"reachLocalMinimal":	1.000000,
	"nConstraintOriginal":	86864.000000,
	"nConstraintDeduced":	5867025.000000,
	"nMLStart":	1575036.000000,
	"nCLStart":	10159014.000000,
	"nMLViolation":	0.000000,
	"nCLViolation":	227818.406250,
	"vMeasure":	0.795188,
	"duration":	50771.800781,
	"mlConst":	0.000000,
	"clConst":	0.000000
},
{
	"iterTerminate":	29.799999,
	"cost":	36816.781250,
	"reachLocalMinimal":	1.000000,
	"nConstraintOriginal":	9066.000000,
	"nConstraintDeduced":	1253458.000000,
	"nMLStart":	399474.000000,
	"nCLStart":	2107442.000000,
	"nMLViolation":	13.600000,
	"nCLViolation":	0.000000,
	"vMeasure":	0.353417,
	"duration":	63060.199219,
	"mlConst":	0.000000,
	"clConst":	0.000000
},
{
	"iterTerminate":	7.200000,
	"cost":	37476.515625,
	"reachLocalMinimal":	1.000000,
	"nConstraintOriginal":	93265.000000,
	"nConstraintDeduced":	6032601.000000,
	"nMLStart":	1638362.000000,
	"nCLStart":	10426840.000000,
	"nMLViolation":	0.000000,
	"nCLViolation":	0.000000,
	"vMeasure":	0.844372,
	"duration":	56105.398438,
	"mlConst":	0.000000,
	"clConst":	0.000000
},
{
	"iterTerminate":	9.000000,
	"cost":	43943.824219,
	"reachLocalMinimal":	1.000000,
	"nConstraintOriginal":	99702.000000,
	"nConstraintDeduced":	6056940.000000,
	"nMLStart":	1640254.000000,
	"nCLStart":	10473626.000000,
	"nMLViolation":	0.000000,
	"nCLViolation":	23776.000000,
	"vMeasure":	0.831592,
	"duration":	67735.203125,
	"mlConst":	0.000000,
	"clConst":	0.000000
}
]