[
{
	"iterTerminate":	17.100000,
	"cost":	9043.228516,
	"reachLocalMinimal":	1.000000,
	"nConstraintOriginal":	1021.000000,
	"nConstraintDeduced":	4029.000000,
	"nMLStart":	1412.000000,
	"nCLStart":	6642.000000,
	"nMLViolation":	101.000000,
	"nCLViolation":	43.200001,
	"vMeasure":	0.431639,
	"duration":	1340.699951,
	"mlConst":	0.000000,
	"clConst":	0.000000
},
{
	"iterTerminate":	10.600000,
	"cost":	9136.595703,
	"reachLocalMinimal":	1.000000,
	"nConstraintOriginal":	1036.000000,
	"nConstraintDeduced":	5868.000000,
	"nMLStart":	2296.000000,
	"nCLStart":	9434.000000,
	"nMLViolation":	45.799999,
	"nCLViolation":	45.200001,
	"vMeasure":	0.442486,
	"duration":	856.700012,
	"mlConst":	0.000000,
	"clConst":	0.000000
},
{
	"iterTerminate":	11.400000,
	"cost":	9019.949219,
	"reachLocalMinimal":	1.000000,
	"nConstraintOriginal":	1046.000000,
	"nConstraintDeduced":	3707.000000,
	"nMLStart":	1354.000000,
	"nCLStart":	6056.000000,
	"nMLViolation":	108.800003,
	"nCLViolation":	42.000000,
	"vMeasure":	0.402375,
	"duration":	900.299988,
	"mlConst":	0.000000,
	"clConst":	0.000000
},
{
	"iterTerminate":	10.900000,
	"cost":	9117.580078,
	"reachLocalMinimal":	1.000000,
	"nConstraintOriginal":	1176.000000,
	"nConstraintDeduced":	14670.000000,
	"nMLStart":	4242.000000,
	"nCLStart":	25094.000000,
	"nMLViolation":	52.599998,
	"nCLViolation":	43.000000,
	"vMeasure":	0.517402,
	"duration":	924.099976,
	"mlConst":	0.000000,
	"clConst":	0.000000
},
{
	"iterTerminate":	9.100000,
	"cost":	9099.452148,
	"reachLocalMinimal":	1.000000,
	"nConstraintOriginal":	1207.000000,
	"nConstraintDeduced":	5782.000000,
	"nMLStart":	1852.000000,
	"nCLStart":	9704.000000,
	"nMLViolation":	79.599998,
	"nCLViolation":	74.000000,
	"vMeasure":	0.464623,
	"duration":	788.799988,
	"mlConst":	0.000000,
	"clConst":	0.000000
},
{
	"iterTerminate":	20.000000,
	"cost":	8986.681641,
	"reachLocalMinimal":	1.000000,
	"nConstraintOriginal":	122.000000,
	"nConstraintDeduced":	130.000000,
	"nMLStart":	108.000000,
	"nCLStart":	152.000000,
	"nMLViolation":	32.400002,
	"nCLViolation":	10.400000,
	"vMeasure":	0.400033,
	"duration":	1495.500000,
	"mlConst":	0.000000,
	"clConst":	0.000000
},
{
	"iterTerminate":	11.100000,
	"cost":	9195.732422,
	"reachLocalMinimal":	1.000000,
	"nConstraintOriginal":	1323.000000,
	"nConstraintDeduced":	22742.000000,
	"nMLStart":	4884.000000,
	"nCLStart":	40594.000000,
	"nMLViolation":	32.000000,
	"nCLViolation":	38.400002,
	"vMeasure":	0.472537,
	"duration":	1000.400024,
	"mlConst":	0.000000,
	"clConst":	0.000000
},
{
	"iterTerminate":	13.500000,
	"cost":	9158.149414,
	"reachLocalMinimal":	1.000000,
	"nConstraintOriginal":	1350.000000,
	"nConstraintDeduced":	8963.000000,
	"nMLStart":	2286.000000,
	"nCLStart":	15634.000000,
	"nMLViolation":	41.599998,
	"nCLViolation":	53.799999,
	"vMeasure":	0.457319,
	"duration":	1078.099976,
	"mlConst":	0.000000,
	"clConst":	0.000000
},
{
	"iterTerminate":	12.700000,
	"cost":	9128.776367,
	"reachLocalMinimal":	1.000000,
	"nConstraintOriginal":	1377.000000,
	"nConstraintDeduced":	13326.000000,
	"nMLStart":	3084.000000,
	"nCLStart":	23558.000000,
	"nMLViolation":	37.599998,
	"nCLViolation":	52.799999,
	"vMeasure":	0.510392,
	"duration":	1049.099976,
	"mlConst":	0.000000,
	"clConst":	0.000000
},
{
	"iterTerminate":	18.299999,
	"cost":	8918.271484,
	"reachLocalMinimal":	1.000000,
	"nConstraintOriginal":	153.000000,
	"nConstraintDeduced":	158.000000,
	"nMLStart":	94.000000,
	"nCLStart":	220.000000,
	"nMLViolation":	22.200001,
	"nCLViolation":	7.200000,
	"vMeasure":	0.399711,
	"duration":	1412.400024,
	"mlConst":	0.000000,
	"clConst":	0.000000
},
{
	"iterTerminate":	13.500000,
	"cost":	9172.831055,
	"reachLocalMinimal":	1.000000,
	"nConstraintOriginal":	1570.000000,
	"nConstraintDeduced":	40459.000000,
	"nMLStart":	6918.000000,
	"nCLStart":	73996.000000,
	"nMLViolation":	40.200001,
	"nCLViolation":	111.199997,
	"vMeasure":	0.489012,
	"duration":	1300.400024,
	"mlConst":	0.000000,
	"clConst":	0.000000
},
{
	"iterTerminate":	9.600000,
	"cost":	9258.916992,
	"reachLocalMinimal":	1.000000,
	"nConstraintOriginal":	1644.000000,
	"nConstraintDeduced":	46146.000000,
	"nMLStart":	8278.000000,
	"nCLStart":	84006.000000,
	"nMLViolation":	22.400000,
	"nCLViolation":	182.199997,
	"vMeasure":	0.521595,
	"duration":	1018.299988,
	"mlConst":	0.000000,
	"clConst":	0.000000
},
{
	"iterTerminate":	9.100000,
	"cost":	9210.630859,
	"reachLocalMinimal":	1.000000,
	"nConstraintOriginal":	1697.000000,
	"nConstraintDeduced":	46756.000000,
	"nMLStart":	8470.000000,
	"nCLStart":	85032.000000,
	"nMLViolation":	21.799999,
	"nCLViolation":	203.600006,
	"vMeasure":	0.538385,
	"duration":	950.400024,
	"mlConst":	0.000000,
	"clConst":	0.000000
},
{
	"iterTerminate":	16.200001,
	"cost":	8860.395508,
	"reachLocalMinimal":	1.000000,
	"nConstraintOriginal":	171.000000,
	"nConstraintDeduced":	184.000000,
	"nMLStart":	104.000000,
	"nCLStart":	264.000000,
	"nMLViolation":	32.799999,
	"nCLViolation":	9.000000,
	"vMeasure":	0.380069,
	"duration":	1239.900024,
	"mlConst":	0.000000,
	"clConst":	0.000000
},
{
	"iterTerminate":	7.500000,
	"cost":	9149.265625,
	"reachLocalMinimal":	1.000000,
	"nConstraintOriginal":	1735.000000,
	"nConstraintDeduced":	63758.000000,
	"nMLStart":	9848.000000,
	"nCLStart":	117658.000000,
	"nMLViolation":	14.400000,
	"nCLViolation":	46.400002,
	"vMeasure":	0.622587,
	"duration":	880.799988,
	"mlConst":	0.000000,
	"clConst":	0.000000
},
{
	"iterTerminate":	8.700000,
	"cost":	9412.861328,
	"reachLocalMinimal":	1.000000,
	"nConstraintOriginal":	1787.000000,
	"nConstraintDeduced":	59760.000000,
	"nMLStart":	8882.000000,
	"nCLStart":	110616.000000,
	"nMLViolation":	28.000000,
	"nCLViolation":	917.400024,
	"vMeasure":	0.574609,
	"duration":	983.000000,
	"mlConst":	0.000000,
	"clConst":	0.000000
},
{
	"iterTerminate":	9.200000,
	"cost":	9257.045898,
	"reachLocalMinimal":	1.000000,
	"nConstraintOriginal":	1804.000000,
	"nConstraintDeduced":	67086.000000,
	"nMLStart":	9764.000000,
	"nCLStart":	124400.000000,
	"nMLViolation":	27.600000,
	"nCLViolation":	121.199997,
	"vMeasure":	0.530986,
	"duration":	1092.300049,
	"mlConst":	0.000000,
	"clConst":	0.000000
},
{
	"iterTerminate":	9.500000,
	"cost":	9177.208984,
	"reachLocalMinimal":	1.000000,
	"nConstraintOriginal":	1844.000000,
	"nConstraintDeduced":	58091.000000,
	"nMLStart":	10510.000000,
	"nCLStart":	105662.000000,
	"nMLViolation":	30.799999,
	"nCLViolation":	76.599998,
	"vMeasure":	0.508169,
	"duration":	1060.199951,
	"mlConst":	0.000000,
	"clConst":	0.000000
},
{
	"iterTerminate":	11.900000,
	"cost":	9609.779297,
	"reachLocalMinimal":	1.000000,
	"nConstraintOriginal":	1848.000000,
	"nConstraintDeduced":	103241.000000,
	"nMLStart":	16500.000000,
	"nCLStart":	189972.000000,
	"nMLViolation":	18.799999,
	"nCLViolation":	1854.000000,
	"vMeasure":	0.615956,
	"duration":	1633.500000,
	"mlConst":	0.000000,
	"clConst":	0.000000
},
{
	"iterTerminate":	10.100000,
	"cost":	9466.592773,
	"reachLocalMinimal":	1.000000,
	"nConstraintOriginal":	1910.000000,
	"nConstraintDeduced":	84917.000000,
	"nMLStart":	12984.000000,
	"nCLStart":	156838.000000,
	"nMLViolation":	38.599998,
	"nCLViolation":	1120.000000,
	"vMeasure":	0.554327,
	"duration":	1282.300049,
	"mlConst":	0.000000,
	"clConst":	0.000000
},
{
	"iterTerminate":	9.900000,
	"cost":	9749.063477,
	"reachLocalMinimal":	1.000000,
	"nConstraintOriginal":	1973.000000,
	"nConstraintDeduced":	88088.000000,
	"nMLStart":	12362.000000,
	"nCLStart":	163806.000000,
	"nMLViolation":	31.600000,
	"nCLViolation":	2567.800049,
	"vMeasure":	0.549443,
	"duration":	1283.099976,
	"mlConst":	0.000000,
	"clConst":	0.000000
},
{
	"iterTerminate":	7.600000,
	"cost":	9769.659180,
	"reachLocalMinimal":	1.000000,
	"nConstraintOriginal":	2030.000000,
	"nConstraintDeduced":	124302.000000,
	"nMLStart":	17512.000000,
	"nCLStart":	231078.000000,
	"nMLViolation":	19.400000,
	"nCLViolation":	2091.800049,
	"vMeasure":	0.626117,
	"duration":	1231.500000,
	"mlConst":	0.000000,
	"clConst":	0.000000
},
{
	"iterTerminate":	10.900000,
	"cost":	9458.373047,
	"reachLocalMinimal":	1.000000,
	"nConstraintOriginal":	2146.000000,
	"nConstraintDeduced":	129955.000000,
	"nMLStart":	17304.000000,
	"nCLStart":	242596.000000,
	"nMLViolation":	15.200000,
	"nCLViolation":	1163.599976,
	"vMeasure":	0.657161,
	"duration":	1740.599976,
	"mlConst":	0.000000,
	"clConst":	0.000000
},
{
	"iterTerminate":	17.100000,
	"cost":	8924.849609,
	"reachLocalMinimal":	1.000000,
	"nConstraintOriginal":	214.000000,
	"nConstraintDeduced":	229.000000,
	"nMLStart":	152.000000,
	"nCLStart":	302.000000,
	"nMLViolation":	42.599998,
	"nCLViolation":	21.400000,
	"vMeasure":	0.356959,
	"duration":	1321.500000,
	"mlConst":	0.000000,
	"clConst":	0.000000
},
{
	"iterTerminate":	7.900000,
	"cost":	10502.006836,
	"reachLocalMinimal":	1.000000,
	"nConstraintOriginal":	2203.000000,
	"nConstraintDeduced":	155570.000000,
	"nMLStart":	22872.000000,
	"nCLStart":	288258.000000,
	"nMLViolation":	17.600000,
	"nCLViolation":	4848.600098,
	"vMeasure":	0.659838,
	"duration":	1426.500000,
	"mlConst":	0.000000,
	"clConst":	0.000000
},
{
	"iterTerminate":	19.600000,
	"cost":	8921.975586,
	"reachLocalMinimal":	1.000000,
	"nConstraintOriginal":	225.000000,
	"nConstraintDeduced":	248.000000,
	"nMLStart":	160.000000,
	"nCLStart":	336.000000,
	"nMLViolation":	32.799999,
	"nCLViolation":	8.400000,
	"vMeasure":	0.341929,
	"duration":	1459.500000,
	"mlConst":	0.000000,
	"clConst":	0.000000
},
{
	"iterTerminate":	9.800000,
	"cost":	10187.509766,
	"reachLocalMinimal":	1.000000,
	"nConstraintOriginal":	2273.000000,
	"nConstraintDeduced":	186180.000000,
	"nMLStart":	28986.000000,
	"nCLStart":	343366.000000,
	"nMLViolation":	6.800000,
	"nCLViolation":	4138.399902,
	"vMeasure":	0.739749,
	"duration":	1955.599976,
	"mlConst":	0.000000,
	"clConst":	0.000000
},
{
	"iterTerminate":	6.800000,
	"cost":	10408.609375,
	"reachLocalMinimal":	1.000000,
	"nConstraintOriginal":	2288.000000,
	"nConstraintDeduced":	181143.000000,
	"nMLStart":	25806.000000,
	"nCLStart":	336472.000000,
	"nMLViolation":	10.200000,
	"nCLViolation":	4545.200195,
	"vMeasure":	0.758407,
	"duration":	1398.400024,
	"mlConst":	0.000000,
	"clConst":	0.000000
},
{
	"iterTerminate":	18.799999,
	"cost":	8945.580078,
	"reachLocalMinimal":	1.000000,
	"nConstraintOriginal":	234.000000,
	"nConstraintDeduced":	253.000000,
	"nMLStart":	144.000000,
	"nCLStart":	358.000000,
	"nMLViolation":	22.200001,
	"nCLViolation":	20.600000,
	"vMeasure":	0.379182,
	"duration":	1466.199951,
	"mlConst":	0.000000,
	"clConst":	0.000000
},
{
	"iterTerminate":	6.800000,
	"cost":	10980.220703,
	"reachLocalMinimal":	1.000000,
	"nConstraintOriginal":	2390.000000,
	"nConstraintDeduced":	217502.000000,
	"nMLStart":	35388.000000,
	"nCLStart":	399600.000000,
	"nMLViolation":	14.200000,
	"nCLViolation":	7859.600098,
	"vMeasure":	0.734702,
	"duration":	1574.900024,
	"mlConst":	0.000000,
	"clConst":	0.000000
},
{
	"iterTerminate":	6.900000,
	"cost":	11201.587891,
	"reachLocalMinimal":	1.000000,
	"nConstraintOriginal":	2476.000000,
	"nConstraintDeduced":	226694.000000,
	"nMLStart":	35422.000000,
	"nCLStart":	417948.000000,
	"nMLViolation":	21.200001,
	"nCLViolation":	8149.399902,
	"vMeasure":	0.754325,
	"duration":	1640.699951,
	"mlConst":	0.000000,
	"clConst":	0.000000
},
{
	"iterTerminate":	10.900000,
	"cost":	8967.606445,
	"reachLocalMinimal":	1.000000,
	"nConstraintOriginal":	249.000000,
	"nConstraintDeduced":	268.000000,
	"nMLStart":	196.000000,
	"nCLStart":	340.000000,
	"nMLViolation":	37.200001,
	"nCLViolation":	17.000000,
	"vMeasure":	0.352410,
	"duration":	882.900024,
	"mlConst":	0.000000,
	"clConst":	0.000000
},
{
	"iterTerminate":	7.700000,
	"cost":	10591.307617,
	"reachLocalMinimal":	1.000000,
	"nConstraintOriginal":	2583.000000,
	"nConstraintDeduced":	224613.000000,
	"nMLStart":	34260.000000,
	"nCLStart":	414954.000000,
	"nMLViolation":	13.600000,
	"nCLViolation":	6261.200195,
	"vMeasure":	0.754233,
	"duration":	1826.699951,
	"mlConst":	0.000000,
	"clConst":	0.000000
},
{
	"iterTerminate":	13.600000,
	"cost":	8952.158203,
	"reachLocalMinimal":	1.000000,
	"nConstraintOriginal":	260.000000,
	"nConstraintDeduced":	272.000000,
	"nMLStart":	150.000000,
	"nCLStart":	392.000000,
	"nMLViolation":	39.799999,
	"nCLViolation":	11.200000,
	"vMeasure":	0.363100,
	"duration":	1089.000000,
	"mlConst":	0.000000,
	"clConst":	0.000000
},
{
	"iterTerminate":	14.300000,
	"cost":	8888.101562,
	"reachLocalMinimal":	1.000000,
	"nConstraintOriginal":	275.000000,
	"nConstraintDeduced":	331.000000,
	"nMLStart":	244.000000,
	"nCLStart":	418.000000,
	"nMLViolation":	56.400002,
	"nCLViolation":	24.000000,
	"vMeasure":	0.367573,
	"duration":	1107.699951,
	"mlConst":	0.000000,
	"clConst":	0.000000
},
{
	"iterTerminate":	6.200000,
	"cost":	11876.270508,
	"reachLocalMinimal":	1.000000,
	"nConstraintOriginal":	2765.000000,
	"nConstraintDeduced":	271242.000000,
	"nMLStart":	44404.000000,
	"nCLStart":	498062.000000,
	"nMLViolation":	12.000000,
	"nCLViolation":	11248.000000,
	"vMeasure":	0.788581,
	"duration":	1672.099976,
	"mlConst":	0.000000,
	"clConst":	0.000000
},
{
	"iterTerminate":	4.500000,
	"cost":	11581.436523,
	"reachLocalMinimal":	1.000000,
	"nConstraintOriginal":	2817.000000,
	"nConstraintDeduced":	278151.000000,
	"nMLStart":	45924.000000,
	"nCLStart":	510366.000000,
	"nMLViolation":	11.000000,
	"nCLViolation":	11076.799805,
	"vMeasure":	0.811878,
	"duration":	1293.199951,
	"mlConst":	0.000000,
	"clConst":	0.000000
},
{
	"iterTerminate":	5.200000,
	"cost":	11466.216797,
	"reachLocalMinimal":	1.000000,
	"nConstraintOriginal":	2848.000000,
	"nConstraintDeduced":	295103.000000,
	"nMLStart":	50688.000000,
	"nCLStart":	539510.000000,
	"nMLViolation":	9.000000,
	"nCLViolation":	10612.599609,
	"vMeasure":	0.808245,
	"duration":	1513.800049,
	"mlConst":	0.000000,
	"clConst":	0.000000
},
{
	"iterTerminate":	6.000000,
	"cost":	11476.557617,
	"reachLocalMinimal":	1.000000,
	"nConstraintOriginal":	2904.000000,
	"nConstraintDeduced":	294720.000000,
	"nMLStart":	47554.000000,
	"nCLStart":	541858.000000,
	"nMLViolation":	18.600000,
	"nCLViolation":	8839.400391,
	"vMeasure":	0.817154,
	"duration":	1884.800049,
	"mlConst":	0.000000,
	"clConst":	0.000000
},
{
	"iterTerminate":	5.600000,
	"cost":	11863.354492,
	"reachLocalMinimal":	1.000000,
	"nConstraintOriginal":	2938.000000,
	"nConstraintDeduced":	311807.000000,
	"nMLStart":	53050.000000,
	"nCLStart":	570546.000000,
	"nMLViolation":	2.600000,
	"nCLViolation":	12489.000000,
	"vMeasure":	0.841731,
	"duration":	1667.500000,
	"mlConst":	0.000000,
	"clConst":	0.000000
},
{
	"iterTerminate":	19.600000,
	"cost":	8894.147461,
	"reachLocalMinimal":	1.000000,
	"nConstraintOriginal":	296.000000,
	"nConstraintDeduced":	340.000000,
	"nMLStart":	226.000000,
	"nCLStart":	452.000000,
	"nMLViolation":	54.400002,
	"nCLViolation":	21.799999,
	"vMeasure":	0.373847,
	"duration":	1736.199951,
	"mlConst":	0.000000,
	"clConst":	0.000000
},
{
	"iterTerminate":	6.400000,
	"cost":	12882.056641,
	"reachLocalMinimal":	1.000000,
	"nConstraintOriginal":	3166.000000,
	"nConstraintDeduced":	328495.000000,
	"nMLStart":	56070.000000,
	"nCLStart":	600894.000000,
	"nMLViolation":	2.000000,
	"nCLViolation":	13974.200195,
	"vMeasure":	0.837297,
	"duration":	1948.699951,
	"mlConst":	0.000000,
	"clConst":	0.000000
},
{
	"iterTerminate":	13.200000,
	"cost":	8935.894531,
	"reachLocalMinimal":	1.000000,
	"nConstraintOriginal":	323.000000,
	"nConstraintDeduced":	363.000000,
	"nMLStart":	246.000000,
	"nCLStart":	472.000000,
	"nMLViolation":	52.000000,
	"nCLViolation":	29.000000,
	"vMeasure":	0.370075,
	"duration":	1001.700012,
	"mlConst":	0.000000,
	"clConst":	0.000000
},
{
	"iterTerminate":	5.700000,
	"cost":	12087.326172,
	"reachLocalMinimal":	1.000000,
	"nConstraintOriginal":	3281.000000,
	"nConstraintDeduced":	325133.000000,
	"nMLStart":	54612.000000,
	"nCLStart":	595636.000000,
	"nMLViolation":	7.400000,
	"nCLViolation":	13623.200195,
	"vMeasure":	0.864442,
	"duration":	1798.500000,
	"mlConst":	0.000000,
	"clConst":	0.000000
},
{
	"iterTerminate":	5.000000,
	"cost":	12923.798828,
	"reachLocalMinimal":	1.000000,
	"nConstraintOriginal":	3343.000000,
	"nConstraintDeduced":	368141.000000,
	"nMLStart":	69596.000000,
	"nCLStart":	666668.000000,
	"nMLViolation":	0.000000,
	"nCLViolation":	16490.199219,
	"vMeasure":	0.867116,
	"duration":	2244.899902,
	"mlConst":	0.000000,
	"clConst":	0.000000
},
{
	"iterTerminate":	3.800000,
	"cost":	13213.549805,
	"reachLocalMinimal":	1.000000,
	"nConstraintOriginal":	3484.000000,
	"nConstraintDeduced":	384017.000000,
	"nMLStart":	72506.000000,
	"nCLStart":	695512.000000,
	"nMLViolation":	1.600000,
	"nCLViolation":	15687.400391,
	"vMeasure":	0.868855,
	"duration":	1810.000000,
	"mlConst":	0.000000,
	"clConst":	0.000000
},
{
	"iterTerminate":	3.800000,
	"cost":	13420.681641,
	"reachLocalMinimal":	1.000000,
	"nConstraintOriginal":	3502.000000,
	"nConstraintDeduced":	353772.000000,
	"nMLStart":	65138.000000,
	"nCLStart":	642380.000000,
	"nMLViolation":	1.200000,
	"nCLViolation":	16176.400391,
	"vMeasure":	0.858413,
	"duration":	1530.900024,
	"mlConst":	0.000000,
	"clConst":	0.000000
},
{
	"iterTerminate":	4.100000,
	"cost":	13791.767578,
	"reachLocalMinimal":	1.000000,
	"nConstraintOriginal":	3561.000000,
	"nConstraintDeduced":	384069.000000,
	"nMLStart":	72470.000000,
	"nCLStart":	695646.000000,
	"nMLViolation":	0.800000,
	"nCLViolation":	17669.599609,
	"vMeasure":	0.866100,
	"duration":	1896.900024,
	"mlConst":	0.000000,
	"clConst":	0.000000
},
{
	"iterTerminate":	4.100000,
	"cost":	12966.372070,
	"reachLocalMinimal":	1.000000,
	"nConstraintOriginal":	3653.000000,
	"nConstraintDeduced":	393792.000000,
	"nMLStart":	73226.000000,
	"nCLStart":	714336.000000,
	"nMLViolation":	3.600000,
	"nCLViolation":	15850.799805,
	"vMeasure":	0.873717,
	"duration":	1791.500000,
	"mlConst":	0.000000,
	"clConst":	0.000000
},
{
	"iterTerminate":	14.900000,
	"cost":	8904.908203,
	"reachLocalMinimal":	1.000000,
	"nConstraintOriginal":	369.000000,
	"nConstraintDeduced":	437.000000,
	"nMLStart":	258.000000,
	"nCLStart":	608.000000,
	"nMLViolation":	35.000000,
	"nCLViolation":	20.600000,
	"vMeasure":	0.364073,
	"duration":	1275.300049,
	"mlConst":	0.000000,
	"clConst":	0.000000
},
{
	"iterTerminate":	17.000000,
	"cost":	8977.544922,
	"reachLocalMinimal":	1.000000,
	"nConstraintOriginal":	372.000000,
	"nConstraintDeduced":	494.000000,
	"nMLStart":	398.000000,
	"nCLStart":	590.000000,
	"nMLViolation":	44.400002,
	"nCLViolation":	13.800000,
	"vMeasure":	0.367976,
	"duration":	1488.099976,
	"mlConst":	0.000000,
	"clConst":	0.000000
},
{
	"iterTerminate":	3.900000,
	"cost":	13080.275391,
	"reachLocalMinimal":	1.000000,
	"nConstraintOriginal":	3835.000000,
	"nConstraintDeduced":	376640.000000,
	"nMLStart":	69618.000000,
	"nCLStart":	683638.000000,
	"nMLViolation":	2.800000,
	"nCLViolation":	17115.800781,
	"vMeasure":	0.876990,
	"duration":	1656.699951,
	"mlConst":	0.000000,
	"clConst":	0.000000
},
{
	"iterTerminate":	4.800000,
	"cost":	13913.306641,
	"reachLocalMinimal":	1.000000,
	"nConstraintOriginal":	3940.000000,
	"nConstraintDeduced":	404062.000000,
	"nMLStart":	76418.000000,
	"nCLStart":	731682.000000,
	"nMLViolation":	6.000000,
	"nCLViolation":	20226.599609,
	"vMeasure":	0.869078,
	"duration":	1943.300049,
	"mlConst":	0.000000,
	"clConst":	0.000000
},
{
	"iterTerminate":	3.666667,
	"cost":	12893.539062,
	"reachLocalMinimal":	1.000000,
	"nConstraintOriginal":	4011.000000,
	"nConstraintDeduced":	412298.000000,
	"nMLStart":	80142.000000,
	"nCLStart":	744420.000000,
	"nMLViolation":	0.222222,
	"nCLViolation":	17069.554688,
	"vMeasure":	0.909581,
	"duration":	1628.666626,
	"mlConst":	0.000000,
	"clConst":	0.000000
},
{
	"iterTerminate":	3.700000,
	"cost":	13938.463867,
	"reachLocalMinimal":	1.000000,
	"nConstraintOriginal":	4135.000000,
	"nConstraintDeduced":	410131.000000,
	"nMLStart":	77270.000000,
	"nCLStart":	742962.000000,
	"nMLViolation":	1.400000,
	"nCLViolation":	19592.400391,
	"vMeasure":	0.887001,
	"duration":	1570.699951,
	"mlConst":	0.000000,
	"clConst":	0.000000
},
{
	"iterTerminate":	3.500000,
	"cost":	13897.803711,
	"reachLocalMinimal":	1.000000,
	"nConstraintOriginal":	4157.000000,
	"nConstraintDeduced":	413462.000000,
	"nMLStart":	78718.000000,
	"nCLStart":	748178.000000,
	"nMLViolation":	0.500000,
	"nCLViolation":	17367.250000,
	"vMeasure":	0.909619,
	"duration":	1552.000000,
	"mlConst":	0.000000,
	"clConst":	0.000000
},
{
	"iterTerminate":	10.300000,
	"cost":	9002.823242,
	"reachLocalMinimal":	1.000000,
	"nConstraintOriginal":	420.000000,
	"nConstraintDeduced":	534.000000,
	"nMLStart":	364.000000,
	"nCLStart":	704.000000,
	"nMLViolation":	49.000000,
	"nCLViolation":	27.799999,
	"vMeasure":	0.353897,
	"duration":	917.099976,
	"mlConst":	0.000000,
	"clConst":	0.000000
},
{
	"iterTerminate":	3.500000,
	"cost":	13476.731445,
	"reachLocalMinimal":	1.000000,
	"nConstraintOriginal":	4331.000000,
	"nConstraintDeduced":	419514.000000,
	"nMLStart":	80244.000000,
	"nCLStart":	758752.000000,
	"nMLViolation":	0.000000,
	"nCLViolation":	17398.666016,
	"vMeasure":	0.903755,
	"duration":	1686.333374,
	"mlConst":	0.000000,
	"clConst":	0.000000
},
{
	"iterTerminate":	3.400000,
	"cost":	13681.856445,
	"reachLocalMinimal":	1.000000,
	"nConstraintOriginal":	4486.000000,
	"nConstraintDeduced":	435106.000000,
	"nMLStart":	84080.000000,
	"nCLStart":	786106.000000,
	"nMLViolation":	2.200000,
	"nCLViolation":	19613.199219,
	"vMeasure":	0.914131,
	"duration":	1588.699951,
	"mlConst":	0.000000,
	"clConst":	0.000000
},
{
	"iterTerminate":	15.000000,
	"cost":	8959.353516,
	"reachLocalMinimal":	1.000000,
	"nConstraintOriginal":	448.000000,
	"nConstraintDeduced":	564.000000,
	"nMLStart":	364.000000,
	"nCLStart":	758.000000,
	"nMLViolation":	41.799999,
	"nCLViolation":	19.600000,
	"vMeasure":	0.401360,
	"duration":	1239.400024,
	"mlConst":	0.000000,
	"clConst":	0.000000
},
{
	"iterTerminate":	3.333333,
	"cost":	12882.319336,
	"reachLocalMinimal":	1.000000,
	"nConstraintOriginal":	4532.000000,
	"nConstraintDeduced":	421931.000000,
	"nMLStart":	79172.000000,
	"nCLStart":	764662.000000,
	"nMLViolation":	0.000000,
	"nCLViolation":	16289.777344,
	"vMeasure":	0.901673,
	"duration":	1603.222168,
	"mlConst":	0.000000,
	"clConst":	0.000000
},
{
	"iterTerminate":	3.444444,
	"cost":	13801.764648,
	"reachLocalMinimal":	1.000000,
	"nConstraintOriginal":	4632.000000,
	"nConstraintDeduced":	440140.000000,
	"nMLStart":	86668.000000,
	"nCLStart":	793588.000000,
	"nMLViolation":	0.000000,
	"nCLViolation":	20215.554688,
	"vMeasure":	0.915065,
	"duration":	1646.777832,
	"mlConst":	0.000000,
	"clConst":	0.000000
},
{
	"iterTerminate":	3.400000,
	"cost":	13652.306641,
	"reachLocalMinimal":	1.000000,
	"nConstraintOriginal":	4720.000000,
	"nConstraintDeduced":	441446.000000,
	"nMLStart":	85606.000000,
	"nCLStart":	797258.000000,
	"nMLViolation":	0.000000,
	"nCLViolation":	18689.000000,
	"vMeasure":	0.915802,
	"duration":	1547.099976,
	"mlConst":	0.000000,
	"clConst":	0.000000
},
{
	"iterTerminate":	18.200001,
	"cost":	8984.155273,
	"reachLocalMinimal":	1.000000,
	"nConstraintOriginal":	483.000000,
	"nConstraintDeduced":	651.000000,
	"nMLStart":	426.000000,
	"nCLStart":	874.000000,
	"nMLViolation":	56.599998,
	"nCLViolation":	32.000000,
	"vMeasure":	0.374050,
	"duration":	1360.400024,
	"mlConst":	0.000000,
	"clConst":	0.000000
},
{
	"iterTerminate":	3.200000,
	"cost":	14513.119141,
	"reachLocalMinimal":	1.000000,
	"nConstraintOriginal":	4896.000000,
	"nConstraintDeduced":	439630.000000,
	"nMLStart":	84622.000000,
	"nCLStart":	794604.000000,
	"nMLViolation":	2.000000,
	"nCLViolation":	21368.000000,
	"vMeasure":	0.918329,
	"duration":	1561.300049,
	"mlConst":	0.000000,
	"clConst":	0.000000
},
{
	"iterTerminate":	3.428571,
	"cost":	13786.031250,
	"reachLocalMinimal":	1.000000,
	"nConstraintOriginal":	4915.000000,
	"nConstraintDeduced":	439524.000000,
	"nMLStart":	84794.000000,
	"nCLStart":	794218.000000,
	"nMLViolation":	0.000000,
	"nCLViolation":	17259.142578,
	"vMeasure":	0.913989,
	"duration":	1629.571411,
	"mlConst":	0.000000,
	"clConst":	0.000000
},
{
	"iterTerminate":	3.625000,
	"cost":	14831.997070,
	"reachLocalMinimal":	1.000000,
	"nConstraintOriginal":	4979.000000,
	"nConstraintDeduced":	443204.000000,
	"nMLStart":	86054.000000,
	"nCLStart":	800326.000000,
	"nMLViolation":	0.000000,
	"nCLViolation":	22256.750000,
	"vMeasure":	0.916194,
	"duration":	1680.250000,
	"mlConst":	0.000000,
	"clConst":	0.000000
},
{
	"iterTerminate":	3.000000,
	"cost":	13826.571289,
	"reachLocalMinimal":	1.000000,
	"nConstraintOriginal":	4980.000000,
	"nConstraintDeduced":	445716.000000,
	"nMLStart":	86158.000000,
	"nCLStart":	805248.000000,
	"nMLViolation":	0.000000,
	"nCLViolation":	16760.000000,
	"vMeasure":	0.923568,
	"duration":	1484.000000,
	"mlConst":	0.000000,
	"clConst":	0.000000
},
{
	"iterTerminate":	3.000000,
	"cost":	12846.333984,
	"reachLocalMinimal":	1.000000,
	"nConstraintOriginal":	5208.000000,
	"nConstraintDeduced":	458017.000000,
	"nMLStart":	89576.000000,
	"nCLStart":	826416.000000,
	"nMLViolation":	0.000000,
	"nCLViolation":	18520.000000,
	"vMeasure":	0.937485,
	"duration":	1536.000000,
	"mlConst":	0.000000,
	"clConst":	0.000000
},
{
	"iterTerminate":	3.000000,
	"cost":	13531.338867,
	"reachLocalMinimal":	1.000000,
	"nConstraintOriginal":	5226.000000,
	"nConstraintDeduced":	455048.000000,
	"nMLStart":	89192.000000,
	"nCLStart":	820882.000000,
	"nMLViolation":	0.400000,
	"nCLViolation":	18629.199219,
	"vMeasure":	0.932811,
	"duration":	1543.400024,
	"mlConst":	0.000000,
	"clConst":	0.000000
},
{
	"iterTerminate":	17.799999,
	"cost":	9018.952148,
	"reachLocalMinimal":	1.000000,
	"nConstraintOriginal":	532.000000,
	"nConstraintDeduced":	760.000000,
	"nMLStart":	510.000000,
	"nCLStart":	1006.000000,
	"nMLViolation":	45.599998,
	"nCLViolation":	29.400000,
	"vMeasure":	0.413425,
	"duration":	1459.599976,
	"mlConst":	0.000000,
	"clConst":	0.000000
},
{
	"iterTerminate":	3.000000,
	"cost":	12991.449219,
	"reachLocalMinimal":	1.000000,
	"nConstraintOriginal":	5330.000000,
	"nConstraintDeduced":	463378.000000,
	"nMLStart":	90690.000000,
	"nCLStart":	836030.000000,
	"nMLViolation":	0.000000,
	"nCLViolation":	18175.000000,
	"vMeasure":	0.931212,
	"duration":	1577.250000,
	"mlConst":	0.000000,
	"clConst":	0.000000
},
{
	"iterTerminate":	3.333333,
	"cost":	14146.375000,
	"reachLocalMinimal":	1.000000,
	"nConstraintOriginal":	5638.000000,
	"nConstraintDeduced":	466527.000000,
	"nMLStart":	92032.000000,
	"nCLStart":	840994.000000,
	"nMLViolation":	0.000000,
	"nCLViolation":	22083.666016,
	"vMeasure":	0.936876,
	"duration":	1791.000000,
	"mlConst":	0.000000,
	"clConst":	0.000000
},
{
	"iterTerminate":	18.500000,
	"cost":	8942.055664,
	"reachLocalMinimal":	1.000000,
	"nConstraintOriginal":	563.000000,
	"nConstraintDeduced":	863.000000,
	"nMLStart":	496.000000,
	"nCLStart":	1226.000000,
	"nMLViolation":	52.200001,
	"nCLViolation":	30.000000,
	"vMeasure":	0.385106,
	"duration":	1433.400024,
	"mlConst":	0.000000,
	"clConst":	0.000000
},
{
	"iterTerminate":	3.000000,
	"cost":	13971.118164,
	"reachLocalMinimal":	1.000000,
	"nConstraintOriginal":	5742.000000,
	"nConstraintDeduced":	471190.000000,
	"nMLStart":	93328.000000,
	"nCLStart":	849020.000000,
	"nMLViolation":	0.000000,
	"nCLViolation":	18606.572266,
	"vMeasure":	0.933793,
	"duration":	1590.428589,
	"mlConst":	0.000000,
	"clConst":	0.000000
},
{
	"iterTerminate":	17.299999,
	"cost":	8999.771484,
	"reachLocalMinimal":	1.000000,
	"nConstraintOriginal":	577.000000,
	"nConstraintDeduced":	882.000000,
	"nMLStart":	484.000000,
	"nCLStart":	1276.000000,
	"nMLViolation":	97.800003,
	"nCLViolation":	34.599998,
	"vMeasure":	0.392342,
	"duration":	1446.199951,
	"mlConst":	0.000000,
	"clConst":	0.000000
},
{
	"iterTerminate":	3.250000,
	"cost":	13932.383789,
	"reachLocalMinimal":	1.000000,
	"nConstraintOriginal":	5802.000000,
	"nConstraintDeduced":	471342.000000,
	"nMLStart":	91714.000000,
	"nCLStart":	850948.000000,
	"nMLViolation":	0.000000,
	"nCLViolation":	21510.500000,
	"vMeasure":	0.934753,
	"duration":	1714.875000,
	"mlConst":	0.000000,
	"clConst":	0.000000
},
{
	"iterTerminate":	3.200000,
	"cost":	14043.643555,
	"reachLocalMinimal":	1.000000,
	"nConstraintOriginal":	5940.000000,
	"nConstraintDeduced":	461233.000000,
	"nMLStart":	91080.000000,
	"nCLStart":	831346.000000,
	"nMLViolation":	0.000000,
	"nCLViolation":	20657.800781,
	"vMeasure":	0.921493,
	"duration":	1613.199951,
	"mlConst":	0.000000,
	"clConst":	0.000000
},
{
	"iterTerminate":	3.166667,
	"cost":	14391.425781,
	"reachLocalMinimal":	1.000000,
	"nConstraintOriginal":	6035.000000,
	"nConstraintDeduced":	473962.000000,
	"nMLStart":	92758.000000,
	"nCLStart":	855132.000000,
	"nMLViolation":	0.000000,
	"nCLViolation":	22056.666016,
	"vMeasure":	0.929385,
	"duration":	1648.833374,
	"mlConst":	0.000000,
	"clConst":	0.000000
},
{
	"iterTerminate":	3.500000,
	"cost":	14159.931641,
	"reachLocalMinimal":	1.000000,
	"nConstraintOriginal":	6089.000000,
	"nConstraintDeduced":	467689.000000,
	"nMLStart":	92028.000000,
	"nCLStart":	843306.000000,
	"nMLViolation":	0.000000,
	"nCLViolation":	19067.500000,
	"vMeasure":	0.939698,
	"duration":	1826.125000,
	"mlConst":	0.000000,
	"clConst":	0.000000
},
{
	"iterTerminate":	3.000000,
	"cost":	13623.430664,
	"reachLocalMinimal":	1.000000,
	"nConstraintOriginal":	6261.000000,
	"nConstraintDeduced":	471400.000000,
	"nMLStart":	93138.000000,
	"nCLStart":	849626.000000,
	"nMLViolation":	0.500000,
	"nCLViolation":	18974.000000,
	"vMeasure":	0.932709,
	"duration":	1638.250000,
	"mlConst":	0.000000,
	"clConst":	0.000000
},
{
	"iterTerminate":	17.799999,
	"cost":	9028.611328,
	"reachLocalMinimal":	1.000000,
	"nConstraintOriginal":	626.000000,
	"nConstraintDeduced":	1213.000000,
	"nMLStart":	680.000000,
	"nCLStart":	1742.000000,
	"nMLViolation":	45.200001,
	"nCLViolation":	40.200001,
	"vMeasure":	0.387216,
	"duration":	1457.099976,
	"mlConst":	0.000000,
	"clConst":	0.000000
},
{
	"iterTerminate":	3.333333,
	"cost":	13286.745117,
	"reachLocalMinimal":	1.000000,
	"nConstraintOriginal":	6476.000000,
	"nConstraintDeduced":	470452.000000,
	"nMLStart":	92010.000000,
	"nCLStart":	848854.000000,
	"nMLViolation":	0.000000,
	"nCLViolation":	18581.333984,
	"vMeasure":	0.937537,
	"duration":	1721.333374,
	"mlConst":	0.000000,
	"clConst":	0.000000
},
{
	"iterTerminate":	0.000000,
	"cost":	0.000000,
	"reachLocalMinimal":	-1.000000,
	"nConstraintOriginal":	0.000000,
	"nConstraintDeduced":	0.000000,
	"nMLStart":	0.000000,
	"nCLStart":	0.000000,
	"nMLViolation":	0.000000,
	"nCLViolation":	0.000000,
	"vMeasure":	0.000000,
	"duration":	0.000000,
	"mlConst":	0.000000,
	"clConst":	0.000000
},
{
	"iterTerminate":	9.300000,
	"cost":	9012.133789,
	"reachLocalMinimal":	1.000000,
	"nConstraintOriginal":	692.000000,
	"nConstraintDeduced":	1459.000000,
	"nMLStart":	702.000000,
	"nCLStart":	2212.000000,
	"nMLViolation":	61.000000,
	"nCLViolation":	57.200001,
	"vMeasure":	0.423318,
	"duration":	876.299988,
	"mlConst":	0.000000,
	"clConst":	0.000000
},
{
	"iterTerminate":	14.600000,
	"cost":	9016.431641,
	"reachLocalMinimal":	1.000000,
	"nConstraintOriginal":	711.000000,
	"nConstraintDeduced":	1279.000000,
	"nMLStart":	674.000000,
	"nCLStart":	1884.000000,
	"nMLViolation":	60.599998,
	"nCLViolation":	24.200001,
	"vMeasure":	0.448068,
	"duration":	1286.400024,
	"mlConst":	0.000000,
	"clConst":	0.000000
},
{
	"iterTerminate":	15.200000,
	"cost":	9023.576172,
	"reachLocalMinimal":	1.000000,
	"nConstraintOriginal":	741.000000,
	"nConstraintDeduced":	1546.000000,
	"nMLStart":	860.000000,
	"nCLStart":	2228.000000,
	"nMLViolation":	57.000000,
	"nCLViolation":	46.200001,
	"vMeasure":	0.363415,
	"duration":	1409.099976,
	"mlConst":	0.000000,
	"clConst":	0.000000
},
{
	"iterTerminate":	14.300000,
	"cost":	9040.361328,
	"reachLocalMinimal":	1.000000,
	"nConstraintOriginal":	750.000000,
	"nConstraintDeduced":	1356.000000,
	"nMLStart":	712.000000,
	"nCLStart":	1988.000000,
	"nMLViolation":	81.000000,
	"nCLViolation":	39.000000,
	"vMeasure":	0.363223,
	"duration":	1146.099976,
	"mlConst":	0.000000,
	"clConst":	0.000000
},
{
	"iterTerminate":	11.200000,
	"cost":	8985.664062,
	"reachLocalMinimal":	1.000000,
	"nConstraintOriginal":	761.000000,
	"nConstraintDeduced":	1824.000000,
	"nMLStart":	988.000000,
	"nCLStart":	2654.000000,
	"nMLViolation":	114.199997,
	"nCLViolation":	57.400002,
	"vMeasure":	0.371969,
	"duration":	956.099976,
	"mlConst":	0.000000,
	"clConst":	0.000000
},
{
	"iterTerminate":	15.900000,
	"cost":	9030.470703,
	"reachLocalMinimal":	1.000000,
	"nConstraintOriginal":	770.000000,
	"nConstraintDeduced":	1400.000000,
	"nMLStart":	750.000000,
	"nCLStart":	2050.000000,
	"nMLViolation":	55.599998,
	"nCLViolation":	42.799999,
	"vMeasure":	0.353334,
	"duration":	1307.000000,
	"mlConst":	0.000000,
	"clConst":	0.000000
},
{
	"iterTerminate":	17.500000,
	"cost":	9037.739258,
	"reachLocalMinimal":	1.000000,
	"nConstraintOriginal":	795.000000,
	"nConstraintDeduced":	2338.000000,
	"nMLStart":	1334.000000,
	"nCLStart":	3340.000000,
	"nMLViolation":	46.400002,
	"nCLViolation":	39.799999,
	"vMeasure":	0.413532,
	"duration":	1614.599976,
	"mlConst":	0.000000,
	"clConst":	0.000000
},
{
	"iterTerminate":	14.700000,
	"cost":	8913.826172,
	"reachLocalMinimal":	1.000000,
	"nConstraintOriginal":	84.000000,
	"nConstraintDeduced":	87.000000,
	"nMLStart":	64.000000,
	"nCLStart":	110.000000,
	"nMLViolation":	8.400000,
	"nCLViolation":	8.200000,
	"vMeasure":	0.388400,
	"duration":	1180.300049,
	"mlConst":	0.000000,
	"clConst":	0.000000
},
{
	"iterTerminate":	16.600000,
	"cost":	9136.080078,
	"reachLocalMinimal":	1.000000,
	"nConstraintOriginal":	975.000000,
	"nConstraintDeduced":	3080.000000,
	"nMLStart":	1526.000000,
	"nCLStart":	4628.000000,
	"nMLViolation":	91.000000,
	"nCLViolation":	55.400002,
	"vMeasure":	0.387770,
	"duration":	1518.699951,
	"mlConst":	0.000000,
	"clConst":	0.000000
},
{
	"iterTerminate":	17.299999,
	"cost":	8847.100586,
	"reachLocalMinimal":	1.000000,
	"nConstraintOriginal":	98.000000,
	"nConstraintDeduced":	102.000000,
	"nMLStart":	70.000000,
	"nCLStart":	134.000000,
	"nMLViolation":	14.400000,
	"nCLViolation":	12.400000,
	"vMeasure":	0.397450,
	"duration":	1381.400024,
	"mlConst":	0.000000,
	"clConst":	0.000000
},
{
	"iterTerminate":	12.400000,
	"cost":	9112.374023,
	"reachLocalMinimal":	1.000000,
	"nConstraintOriginal":	990.000000,
	"nConstraintDeduced":	4717.000000,
	"nMLStart":	1768.000000,
	"nCLStart":	7664.000000,
	"nMLViolation":	44.000000,
	"nCLViolation":	51.599998,
	"vMeasure":	0.451713,
	"duration":	1023.900024,
	"mlConst":	0.000000,
	"clConst":	0.000000
}
]