[
{
	"iterTerminate":	0.000000,
	"cost":	0.000000,
	"reachLocalMinimal":	-1.000000,
	"nConstraintOriginal":	0.000000,
	"nConstraintDeduced":	0.000000,
	"nMLStart":	0.000000,
	"nCLStart":	0.000000,
	"nMLViolation":	0.000000,
	"nCLViolation":	0.000000,
	"vMeasure":	0.000000,
	"duration":	0.000000,
	"mlConst":	0.000000,
	"clConst":	0.000000
},
{
	"iterTerminate":	15.666667,
	"cost":	66597.054688,
	"reachLocalMinimal":	1.000000,
	"nConstraintOriginal":	10752.000000,
	"nConstraintDeduced":	1721278.000000,
	"nMLStart":	583860.000000,
	"nCLStart":	2855010.000000,
	"nMLViolation":	0.000000,
	"nCLViolation":	43.333332,
	"vMeasure":	0.430953,
	"duration":	72907.335938,
	"mlConst":	0.000000,
	"clConst":	0.000000
},
{
	"iterTerminate":	19.333334,
	"cost":	66638.070312,
	"reachLocalMinimal":	1.000000,
	"nConstraintOriginal":	12033.000000,
	"nConstraintDeduced":	1934844.000000,
	"nMLStart":	647430.000000,
	"nCLStart":	3217882.000000,
	"nMLViolation":	0.000000,
	"nCLViolation":	50.666668,
	"vMeasure":	0.469544,
	"duration":	88674.664062,
	"mlConst":	0.000000,
	"clConst":	0.000000
},
{
	"iterTerminate":	17.333334,
	"cost":	66875.273438,
	"reachLocalMinimal":	1.000000,
	"nConstraintOriginal":	14083.000000,
	"nConstraintDeduced":	2317640.000000,
	"nMLStart":	760328.000000,
	"nCLStart":	3868712.000000,
	"nMLViolation":	0.000000,
	"nCLViolation":	37.333332,
	"vMeasure":	0.513080,
	"duration":	87987.335938,
	"mlConst":	0.000000,
	"clConst":	0.000000
},
{
	"iterTerminate":	20.333334,
	"cost":	66935.632812,
	"reachLocalMinimal":	1.000000,
	"nConstraintOriginal":	15935.000000,
	"nConstraintDeduced":	2715204.000000,
	"nMLStart":	888898.000000,
	"nCLStart":	4532564.000000,
	"nMLViolation":	2.666667,
	"nCLViolation":	28.000000,
	"vMeasure":	0.565401,
	"duration":	109050.335938,
	"mlConst":	0.000000,
	"clConst":	0.000000
},
{
	"iterTerminate":	12.333333,
	"cost":	67033.601562,
	"reachLocalMinimal":	1.000000,
	"nConstraintOriginal":	17905.000000,
	"nConstraintDeduced":	3143498.000000,
	"nMLStart":	997892.000000,
	"nCLStart":	5277592.000000,
	"nMLViolation":	0.000000,
	"nCLViolation":	30.666666,
	"vMeasure":	0.600108,
	"duration":	73400.664062,
	"mlConst":	0.000000,
	"clConst":	0.000000
},
{
	"iterTerminate":	12.333333,
	"cost":	67141.289062,
	"reachLocalMinimal":	1.000000,
	"nConstraintOriginal":	20365.000000,
	"nConstraintDeduced":	3524119.000000,
	"nMLStart":	1097112.000000,
	"nCLStart":	5936524.000000,
	"nMLViolation":	0.000000,
	"nCLViolation":	28.666666,
	"vMeasure":	0.634789,
	"duration":	79832.335938,
	"mlConst":	0.000000,
	"clConst":	0.000000
},
{
	"iterTerminate":	16.000000,
	"cost":	67251.695312,
	"reachLocalMinimal":	1.000000,
	"nConstraintOriginal":	22350.000000,
	"nConstraintDeduced":	3796407.000000,
	"nMLStart":	1162508.000000,
	"nCLStart":	6413714.000000,
	"nMLViolation":	0.000000,
	"nCLViolation":	15.333333,
	"vMeasure":	0.660538,
	"duration":	106005.664062,
	"mlConst":	0.000000,
	"clConst":	0.000000
},
{
	"iterTerminate":	11.666667,
	"cost":	67295.132812,
	"reachLocalMinimal":	1.000000,
	"nConstraintOriginal":	24885.000000,
	"nConstraintDeduced":	4203923.000000,
	"nMLStart":	1285702.000000,
	"nCLStart":	7100984.000000,
	"nMLViolation":	0.000000,
	"nCLViolation":	24.000000,
	"vMeasure":	0.716548,
	"duration":	85338.664062,
	"mlConst":	0.000000,
	"clConst":	0.000000
},
{
	"iterTerminate":	7.000000,
	"cost":	67395.062500,
	"reachLocalMinimal":	1.000000,
	"nConstraintOriginal":	27560.000000,
	"nConstraintDeduced":	4492826.000000,
	"nMLStart":	1350258.000000,
	"nCLStart":	7610192.000000,
	"nMLViolation":	0.000000,
	"nCLViolation":	18.666666,
	"vMeasure":	0.730506,
	"duration":	56921.332031,
	"mlConst":	0.000000,
	"clConst":	0.000000
},
{
	"iterTerminate":	12.333333,
	"cost":	67402.218750,
	"reachLocalMinimal":	1.000000,
	"nConstraintOriginal":	30355.000000,
	"nConstraintDeduced":	4817790.000000,
	"nMLStart":	1424598.000000,
	"nCLStart":	8182522.000000,
	"nMLViolation":	0.000000,
	"nCLViolation":	19.333334,
	"vMeasure":	0.774318,
	"duration":	99427.335938,
	"mlConst":	0.000000,
	"clConst":	0.000000
},
{
	"iterTerminate":	18.333334,
	"cost":	65355.066406,
	"reachLocalMinimal":	1.000000,
	"nConstraintOriginal":	3179.000000,
	"nConstraintDeduced":	176179.000000,
	"nMLStart":	78420.000000,
	"nCLStart":	273776.000000,
	"nMLViolation":	9.333333,
	"nCLViolation":	43.333332,
	"vMeasure":	0.190644,
	"duration":	56154.332031,
	"mlConst":	0.000000,
	"clConst":	0.000000
},
{
	"iterTerminate":	7.333333,
	"cost":	308538.906250,
	"reachLocalMinimal":	1.000000,
	"nConstraintOriginal":	33310.000000,
	"nConstraintDeduced":	5124960.000000,
	"nMLStart":	1493358.000000,
	"nCLStart":	8722158.000000,
	"nMLViolation":	2049.333252,
	"nCLViolation":	4616.000000,
	"vMeasure":	0.788704,
	"duration":	67176.335938,
	"mlConst":	0.000000,
	"clConst":	0.000000
},
{
	"iterTerminate":	9.666667,
	"cost":	67400.523438,
	"reachLocalMinimal":	1.000000,
	"nConstraintOriginal":	35840.000000,
	"nConstraintDeduced":	5346355.000000,
	"nMLStart":	1552016.000000,
	"nCLStart":	9102130.000000,
	"nMLViolation":	0.000000,
	"nCLViolation":	16.000000,
	"vMeasure":	0.816218,
	"duration":	91395.335938,
	"mlConst":	0.000000,
	"clConst":	0.000000
},
{
	"iterTerminate":	18.333334,
	"cost":	65594.757812,
	"reachLocalMinimal":	1.000000,
	"nConstraintOriginal":	3895.000000,
	"nConstraintDeduced":	278597.000000,
	"nMLStart":	120414.000000,
	"nCLStart":	436456.000000,
	"nMLViolation":	0.000000,
	"nCLViolation":	51.333332,
	"vMeasure":	0.216517,
	"duration":	57926.667969,
	"mlConst":	0.000000,
	"clConst":	0.000000
},
{
	"iterTerminate":	13.333333,
	"cost":	67498.585938,
	"reachLocalMinimal":	1.000000,
	"nConstraintOriginal":	39322.000000,
	"nConstraintDeduced":	5632704.000000,
	"nMLStart":	1609258.000000,
	"nCLStart":	9610824.000000,
	"nMLViolation":	0.000000,
	"nCLViolation":	10.666667,
	"vMeasure":	0.830904,
	"duration":	119559.335938,
	"mlConst":	0.000000,
	"clConst":	0.000000
},
{
	"iterTerminate":	8.666667,
	"cost":	67507.492188,
	"reachLocalMinimal":	1.000000,
	"nConstraintOriginal":	42358.000000,
	"nConstraintDeduced":	5839200.000000,
	"nMLStart":	1651450.000000,
	"nCLStart":	9977266.000000,
	"nMLViolation":	0.000000,
	"nCLViolation":	14.666667,
	"vMeasure":	0.864548,
	"duration":	95233.335938,
	"mlConst":	0.000000,
	"clConst":	0.000000
},
{
	"iterTerminate":	7.666667,
	"cost":	67535.898438,
	"reachLocalMinimal":	1.000000,
	"nConstraintOriginal":	45533.000000,
	"nConstraintDeduced":	6015734.000000,
	"nMLStart":	1696082.000000,
	"nCLStart":	10280518.000000,
	"nMLViolation":	0.000000,
	"nCLViolation":	10.000000,
	"vMeasure":	0.887652,
	"duration":	77539.664062,
	"mlConst":	0.000000,
	"clConst":	0.000000
},
{
	"iterTerminate":	7.000000,
	"cost":	67551.687500,
	"reachLocalMinimal":	1.000000,
	"nConstraintOriginal":	49102.000000,
	"nConstraintDeduced":	6206750.500000,
	"nMLStart":	1715530.000000,
	"nCLStart":	10636970.000000,
	"nMLViolation":	0.000000,
	"nCLViolation":	7.333333,
	"vMeasure":	0.888677,
	"duration":	74836.000000,
	"mlConst":	0.000000,
	"clConst":	0.000000
},
{
	"iterTerminate":	12.666667,
	"cost":	65798.882812,
	"reachLocalMinimal":	1.000000,
	"nConstraintOriginal":	4996.000000,
	"nConstraintDeduced":	477588.000000,
	"nMLStart":	187846.000000,
	"nCLStart":	766630.000000,
	"nMLViolation":	38.666668,
	"nCLViolation":	69.333336,
	"vMeasure":	0.257114,
	"duration":	43983.000000,
	"mlConst":	0.000000,
	"clConst":	0.000000
},
{
	"iterTerminate":	5.666667,
	"cost":	3826612.250000,
	"reachLocalMinimal":	1.000000,
	"nConstraintOriginal":	53179.000000,
	"nConstraintDeduced":	6376090.000000,
	"nMLStart":	1755000.000000,
	"nCLStart":	10929622.000000,
	"nMLViolation":	28322.000000,
	"nCLViolation":	36127.332031,
	"vMeasure":	0.886193,
	"duration":	76138.664062,
	"mlConst":	0.000000,
	"clConst":	0.000000
},
{
	"iterTerminate":	7.000000,
	"cost":	67584.601562,
	"reachLocalMinimal":	1.000000,
	"nConstraintOriginal":	55995.000000,
	"nConstraintDeduced":	6582766.000000,
	"nMLStart":	1789640.000000,
	"nCLStart":	11301059.000000,
	"nMLViolation":	0.000000,
	"nCLViolation":	4.000000,
	"vMeasure":	0.918433,
	"duration":	82695.335938,
	"mlConst":	0.000000,
	"clConst":	0.000000
},
{
	"iterTerminate":	7.666667,
	"cost":	67601.632812,
	"reachLocalMinimal":	1.000000,
	"nConstraintOriginal":	60324.000000,
	"nConstraintDeduced":	6698733.500000,
	"nMLStart":	1803928.000000,
	"nCLStart":	11511739.000000,
	"nMLViolation":	0.000000,
	"nCLViolation":	3.333333,
	"vMeasure":	0.934290,
	"duration":	87633.335938,
	"mlConst":	0.000000,
	"clConst":	0.000000
},
{
	"iterTerminate":	10.000000,
	"cost":	66068.125000,
	"reachLocalMinimal":	1.000000,
	"nConstraintOriginal":	6116.000000,
	"nConstraintDeduced":	676862.000000,
	"nMLStart":	251082.000000,
	"nCLStart":	1101716.000000,
	"nMLViolation":	3.333333,
	"nCLViolation":	62.666668,
	"vMeasure":	0.287034,
	"duration":	37662.000000,
	"mlConst":	0.000000,
	"clConst":	0.000000
},
{
	"iterTerminate":	4.333333,
	"cost":	171532.359375,
	"reachLocalMinimal":	1.000000,
	"nConstraintOriginal":	64065.000000,
	"nConstraintDeduced":	6785789.500000,
	"nMLStart":	1820490.000000,
	"nCLStart":	11663248.000000,
	"nMLViolation":	7278.666504,
	"nCLViolation":	6030.000000,
	"vMeasure":	0.932025,
	"duration":	66555.664062,
	"mlConst":	0.000000,
	"clConst":	0.000000
},
{
	"iterTerminate":	12.666667,
	"cost":	66275.789062,
	"reachLocalMinimal":	1.000000,
	"nConstraintOriginal":	7474.000000,
	"nConstraintDeduced":	938141.000000,
	"nMLStart":	349122.000000,
	"nCLStart":	1525818.000000,
	"nMLViolation":	0.000000,
	"nCLViolation":	52.000000,
	"vMeasure":	0.338135,
	"duration":	47949.000000,
	"mlConst":	0.000000,
	"clConst":	0.000000
},
{
	"iterTerminate":	12.000000,
	"cost":	66489.007812,
	"reachLocalMinimal":	1.000000,
	"nConstraintOriginal":	8971.000000,
	"nConstraintDeduced":	1317521.000000,
	"nMLStart":	454986.000000,
	"nCLStart":	2177700.000000,
	"nMLViolation":	0.000000,
	"nCLViolation":	57.333332,
	"vMeasure":	0.379243,
	"duration":	49073.667969,
	"mlConst":	0.000000,
	"clConst":	0.000000
}
]