[
{
	"iterTerminate":	0.000000,
	"cost":	0.000000,
	"reachLocalMinimal":	-1.000000,
	"nConstraintOriginal":	0.000000,
	"nConstraintDeduced":	0.000000,
	"nMLStart":	0.000000,
	"nCLStart":	0.000000,
	"nMLViolation":	0.000000,
	"nCLViolation":	0.000000,
	"vMeasure":	0.000000,
	"duration":	0.000000,
	"mlConst":	0.000000,
	"clConst":	0.000000
},
{
	"iterTerminate":	16.000000,
	"cost":	52884.160156,
	"reachLocalMinimal":	1.000000,
	"nConstraintOriginal":	10752.000000,
	"nConstraintDeduced":	1721278.000000,
	"nMLStart":	583860.000000,
	"nCLStart":	2855010.000000,
	"nMLViolation":	0.000000,
	"nCLViolation":	78.666664,
	"vMeasure":	0.438150,
	"duration":	67105.664062,
	"mlConst":	0.000000,
	"clConst":	0.000000
},
{
	"iterTerminate":	9.000000,
	"cost":	56828.062500,
	"reachLocalMinimal":	1.000000,
	"nConstraintOriginal":	12033.000000,
	"nConstraintDeduced":	1934844.000000,
	"nMLStart":	647430.000000,
	"nCLStart":	3217882.000000,
	"nMLViolation":	0.000000,
	"nCLViolation":	2952.666748,
	"vMeasure":	0.483201,
	"duration":	42510.332031,
	"mlConst":	0.000000,
	"clConst":	0.000000
},
{
	"iterTerminate":	9.000000,
	"cost":	53045.933594,
	"reachLocalMinimal":	1.000000,
	"nConstraintOriginal":	14083.000000,
	"nConstraintDeduced":	2317640.000000,
	"nMLStart":	760328.000000,
	"nCLStart":	3868712.000000,
	"nMLViolation":	0.000000,
	"nCLViolation":	66.666664,
	"vMeasure":	0.514752,
	"duration":	45258.667969,
	"mlConst":	0.000000,
	"clConst":	0.000000
},
{
	"iterTerminate":	9.000000,
	"cost":	53081.167969,
	"reachLocalMinimal":	1.000000,
	"nConstraintOriginal":	15935.000000,
	"nConstraintDeduced":	2715204.000000,
	"nMLStart":	888898.000000,
	"nCLStart":	4532564.000000,
	"nMLViolation":	0.000000,
	"nCLViolation":	59.333332,
	"vMeasure":	0.572020,
	"duration":	49048.000000,
	"mlConst":	0.000000,
	"clConst":	0.000000
},
{
	"iterTerminate":	10.000000,
	"cost":	53063.261719,
	"reachLocalMinimal":	1.000000,
	"nConstraintOriginal":	17905.000000,
	"nConstraintDeduced":	3143498.000000,
	"nMLStart":	997892.000000,
	"nCLStart":	5277592.000000,
	"nMLViolation":	0.000000,
	"nCLViolation":	54.666668,
	"vMeasure":	0.604509,
	"duration":	58456.332031,
	"mlConst":	0.000000,
	"clConst":	0.000000
},
{
	"iterTerminate":	8.333333,
	"cost":	53207.562500,
	"reachLocalMinimal":	1.000000,
	"nConstraintOriginal":	20365.000000,
	"nConstraintDeduced":	3524119.000000,
	"nMLStart":	1097112.000000,
	"nCLStart":	5936524.000000,
	"nMLViolation":	0.000000,
	"nCLViolation":	31.333334,
	"vMeasure":	0.642245,
	"duration":	53796.332031,
	"mlConst":	0.000000,
	"clConst":	0.000000
},
{
	"iterTerminate":	9.000000,
	"cost":	53249.207031,
	"reachLocalMinimal":	1.000000,
	"nConstraintOriginal":	22350.000000,
	"nConstraintDeduced":	3796407.000000,
	"nMLStart":	1162508.000000,
	"nCLStart":	6413714.000000,
	"nMLViolation":	0.000000,
	"nCLViolation":	27.333334,
	"vMeasure":	0.666017,
	"duration":	60223.667969,
	"mlConst":	0.000000,
	"clConst":	0.000000
},
{
	"iterTerminate":	8.000000,
	"cost":	53211.316406,
	"reachLocalMinimal":	1.000000,
	"nConstraintOriginal":	24885.000000,
	"nConstraintDeduced":	4203923.000000,
	"nMLStart":	1285702.000000,
	"nCLStart":	7100984.000000,
	"nMLViolation":	0.000000,
	"nCLViolation":	32.000000,
	"vMeasure":	0.723117,
	"duration":	58072.000000,
	"mlConst":	0.000000,
	"clConst":	0.000000
},
{
	"iterTerminate":	8.666667,
	"cost":	53271.792969,
	"reachLocalMinimal":	1.000000,
	"nConstraintOriginal":	27560.000000,
	"nConstraintDeduced":	4492826.000000,
	"nMLStart":	1350258.000000,
	"nCLStart":	7610192.000000,
	"nMLViolation":	0.000000,
	"nCLViolation":	42.000000,
	"vMeasure":	0.754957,
	"duration":	65548.335938,
	"mlConst":	0.000000,
	"clConst":	0.000000
},
{
	"iterTerminate":	10.000000,
	"cost":	53326.855469,
	"reachLocalMinimal":	1.000000,
	"nConstraintOriginal":	30355.000000,
	"nConstraintDeduced":	4817790.000000,
	"nMLStart":	1424598.000000,
	"nCLStart":	8182522.000000,
	"nMLViolation":	0.000000,
	"nCLViolation":	30.000000,
	"vMeasure":	0.770837,
	"duration":	79261.664062,
	"mlConst":	0.000000,
	"clConst":	0.000000
},
{
	"iterTerminate":	14.666667,
	"cost":	52198.250000,
	"reachLocalMinimal":	1.000000,
	"nConstraintOriginal":	3179.000000,
	"nConstraintDeduced":	176179.000000,
	"nMLStart":	78420.000000,
	"nCLStart":	273776.000000,
	"nMLViolation":	7.333333,
	"nCLViolation":	44.666668,
	"vMeasure":	0.193725,
	"duration":	41506.000000,
	"mlConst":	0.000000,
	"clConst":	0.000000
},
{
	"iterTerminate":	8.666667,
	"cost":	53340.652344,
	"reachLocalMinimal":	1.000000,
	"nConstraintOriginal":	33310.000000,
	"nConstraintDeduced":	5124960.000000,
	"nMLStart":	1493358.000000,
	"nCLStart":	8722158.000000,
	"nMLViolation":	0.000000,
	"nCLViolation":	16.666666,
	"vMeasure":	0.808408,
	"duration":	71990.000000,
	"mlConst":	0.000000,
	"clConst":	0.000000
},
{
	"iterTerminate":	13.000000,
	"cost":	53332.761719,
	"reachLocalMinimal":	1.000000,
	"nConstraintOriginal":	35840.000000,
	"nConstraintDeduced":	5346355.000000,
	"nMLStart":	1552016.000000,
	"nCLStart":	9102130.000000,
	"nMLViolation":	0.000000,
	"nCLViolation":	10.666667,
	"vMeasure":	0.826208,
	"duration":	109277.335938,
	"mlConst":	0.000000,
	"clConst":	0.000000
},
{
	"iterTerminate":	15.666667,
	"cost":	52351.250000,
	"reachLocalMinimal":	1.000000,
	"nConstraintOriginal":	3895.000000,
	"nConstraintDeduced":	278597.000000,
	"nMLStart":	120414.000000,
	"nCLStart":	436456.000000,
	"nMLViolation":	0.000000,
	"nCLViolation":	83.333336,
	"vMeasure":	0.222698,
	"duration":	45683.667969,
	"mlConst":	0.000000,
	"clConst":	0.000000
},
{
	"iterTerminate":	8.666667,
	"cost":	53356.281250,
	"reachLocalMinimal":	1.000000,
	"nConstraintOriginal":	39322.000000,
	"nConstraintDeduced":	5632704.000000,
	"nMLStart":	1609258.000000,
	"nCLStart":	9610824.000000,
	"nMLViolation":	0.000000,
	"nCLViolation":	8.666667,
	"vMeasure":	0.832541,
	"duration":	79797.664062,
	"mlConst":	0.000000,
	"clConst":	0.000000
},
{
	"iterTerminate":	7.000000,
	"cost":	53384.980469,
	"reachLocalMinimal":	1.000000,
	"nConstraintOriginal":	42358.000000,
	"nConstraintDeduced":	5839200.000000,
	"nMLStart":	1651450.000000,
	"nCLStart":	9977266.000000,
	"nMLViolation":	0.000000,
	"nCLViolation":	15.333333,
	"vMeasure":	0.868005,
	"duration":	67983.664062,
	"mlConst":	0.000000,
	"clConst":	0.000000
},
{
	"iterTerminate":	11.666667,
	"cost":	53406.718750,
	"reachLocalMinimal":	1.000000,
	"nConstraintOriginal":	45533.000000,
	"nConstraintDeduced":	6015734.000000,
	"nMLStart":	1696082.000000,
	"nCLStart":	10280518.000000,
	"nMLViolation":	0.000000,
	"nCLViolation":	14.000000,
	"vMeasure":	0.881289,
	"duration":	109646.335938,
	"mlConst":	0.000000,
	"clConst":	0.000000
},
{
	"iterTerminate":	8.000000,
	"cost":	53413.855469,
	"reachLocalMinimal":	1.000000,
	"nConstraintOriginal":	49102.000000,
	"nConstraintDeduced":	6206750.500000,
	"nMLStart":	1715530.000000,
	"nCLStart":	10636970.000000,
	"nMLViolation":	0.000000,
	"nCLViolation":	10.666667,
	"vMeasure":	0.893550,
	"duration":	79220.000000,
	"mlConst":	0.000000,
	"clConst":	0.000000
},
{
	"iterTerminate":	13.666667,
	"cost":	52481.738281,
	"reachLocalMinimal":	1.000000,
	"nConstraintOriginal":	4996.000000,
	"nConstraintDeduced":	477588.000000,
	"nMLStart":	187846.000000,
	"nCLStart":	766630.000000,
	"nMLViolation":	0.000000,
	"nCLViolation":	64.000000,
	"vMeasure":	0.274203,
	"duration":	42330.332031,
	"mlConst":	0.000000,
	"clConst":	0.000000
},
{
	"iterTerminate":	7.333333,
	"cost":	53423.906250,
	"reachLocalMinimal":	1.000000,
	"nConstraintOriginal":	53179.000000,
	"nConstraintDeduced":	6376090.000000,
	"nMLStart":	1755000.000000,
	"nCLStart":	10929622.000000,
	"nMLViolation":	0.000000,
	"nCLViolation":	9.333333,
	"vMeasure":	0.909082,
	"duration":	74693.335938,
	"mlConst":	0.000000,
	"clConst":	0.000000
},
{
	"iterTerminate":	6.000000,
	"cost":	53434.750000,
	"reachLocalMinimal":	1.000000,
	"nConstraintOriginal":	55995.000000,
	"nConstraintDeduced":	6582766.000000,
	"nMLStart":	1789640.000000,
	"nCLStart":	11301059.000000,
	"nMLViolation":	0.000000,
	"nCLViolation":	8.000000,
	"vMeasure":	0.921231,
	"duration":	65320.000000,
	"mlConst":	0.000000,
	"clConst":	0.000000
},
{
	"iterTerminate":	6.666667,
	"cost":	53445.988281,
	"reachLocalMinimal":	1.000000,
	"nConstraintOriginal":	60324.000000,
	"nConstraintDeduced":	6698733.500000,
	"nMLStart":	1803928.000000,
	"nCLStart":	11511739.000000,
	"nMLViolation":	0.000000,
	"nCLViolation":	4.666667,
	"vMeasure":	0.933456,
	"duration":	72210.664062,
	"mlConst":	0.000000,
	"clConst":	0.000000
},
{
	"iterTerminate":	7.666667,
	"cost":	52569.589844,
	"reachLocalMinimal":	1.000000,
	"nConstraintOriginal":	6116.000000,
	"nConstraintDeduced":	676862.000000,
	"nMLStart":	251082.000000,
	"nCLStart":	1101716.000000,
	"nMLViolation":	2.666667,
	"nCLViolation":	61.333332,
	"vMeasure":	0.311023,
	"duration":	26631.333984,
	"mlConst":	0.000000,
	"clConst":	0.000000
},
{
	"iterTerminate":	7.000000,
	"cost":	53454.175781,
	"reachLocalMinimal":	1.000000,
	"nConstraintOriginal":	64065.000000,
	"nConstraintDeduced":	6785789.500000,
	"nMLStart":	1820490.000000,
	"nCLStart":	11663248.000000,
	"nMLViolation":	0.000000,
	"nCLViolation":	2.666667,
	"vMeasure":	0.938630,
	"duration":	77546.664062,
	"mlConst":	0.000000,
	"clConst":	0.000000
},
{
	"iterTerminate":	15.666667,
	"cost":	52654.519531,
	"reachLocalMinimal":	1.000000,
	"nConstraintOriginal":	7474.000000,
	"nConstraintDeduced":	938141.000000,
	"nMLStart":	349122.000000,
	"nCLStart":	1525818.000000,
	"nMLViolation":	0.000000,
	"nCLViolation":	102.000000,
	"vMeasure":	0.354023,
	"duration":	54029.000000,
	"mlConst":	0.000000,
	"clConst":	0.000000
},
{
	"iterTerminate":	7.666667,
	"cost":	53430.312500,
	"reachLocalMinimal":	1.000000,
	"nConstraintOriginal":	8971.000000,
	"nConstraintDeduced":	1317521.000000,
	"nMLStart":	454986.000000,
	"nCLStart":	2177700.000000,
	"nMLViolation":	0.000000,
	"nCLViolation":	823.333313,
	"vMeasure":	0.386546,
	"duration":	30726.333984,
	"mlConst":	0.000000,
	"clConst":	0.000000
}
]