[
{
	"iterTerminate":	0.000000,
	"cost":	0.000000,
	"reachLocalMinimal":	-1.000000,
	"nConstraintOriginal":	0.000000,
	"nConstraintDeduced":	0.000000,
	"nMLStart":	0.000000,
	"nCLStart":	0.000000,
	"nMLViolation":	0.000000,
	"nCLViolation":	0.000000,
	"vMeasure":	0.000000,
	"duration":	0.000000,
	"mlConst":	0.000000,
	"clConst":	0.000000
},
{
	"iterTerminate":	19.333334,
	"cost":	37809.656250,
	"reachLocalMinimal":	1.000000,
	"nConstraintOriginal":	10752.000000,
	"nConstraintDeduced":	1721278.000000,
	"nMLStart":	583860.000000,
	"nCLStart":	2855010.000000,
	"nMLViolation":	0.000000,
	"nCLViolation":	3083.333252,
	"vMeasure":	0.451284,
	"duration":	49505.000000,
	"mlConst":	0.000000,
	"clConst":	0.000000
},
{
	"iterTerminate":	14.333333,
	"cost":	37079.941406,
	"reachLocalMinimal":	1.000000,
	"nConstraintOriginal":	12033.000000,
	"nConstraintDeduced":	1934844.000000,
	"nMLStart":	647430.000000,
	"nCLStart":	3217882.000000,
	"nMLViolation":	0.000000,
	"nCLViolation":	136.000000,
	"vMeasure":	0.472516,
	"duration":	39099.332031,
	"mlConst":	0.000000,
	"clConst":	0.000000
},
{
	"iterTerminate":	21.000000,
	"cost":	37193.660156,
	"reachLocalMinimal":	1.000000,
	"nConstraintOriginal":	14083.000000,
	"nConstraintDeduced":	2317640.000000,
	"nMLStart":	760328.000000,
	"nCLStart":	3868712.000000,
	"nMLViolation":	5.333333,
	"nCLViolation":	160.000000,
	"vMeasure":	0.508294,
	"duration":	63846.000000,
	"mlConst":	0.000000,
	"clConst":	0.000000
},
{
	"iterTerminate":	15.000000,
	"cost":	37220.121094,
	"reachLocalMinimal":	1.000000,
	"nConstraintOriginal":	15935.000000,
	"nConstraintDeduced":	2715204.000000,
	"nMLStart":	888898.000000,
	"nCLStart":	4532564.000000,
	"nMLViolation":	2.666667,
	"nCLViolation":	150.000000,
	"vMeasure":	0.566359,
	"duration":	51998.000000,
	"mlConst":	0.000000,
	"clConst":	0.000000
},
{
	"iterTerminate":	11.000000,
	"cost":	37187.609375,
	"reachLocalMinimal":	1.000000,
	"nConstraintOriginal":	17905.000000,
	"nConstraintDeduced":	3143498.000000,
	"nMLStart":	997892.000000,
	"nCLStart":	5277592.000000,
	"nMLViolation":	0.000000,
	"nCLViolation":	125.333336,
	"vMeasure":	0.608637,
	"duration":	42955.667969,
	"mlConst":	0.000000,
	"clConst":	0.000000
},
{
	"iterTerminate":	11.333333,
	"cost":	51774.152344,
	"reachLocalMinimal":	1.000000,
	"nConstraintOriginal":	20365.000000,
	"nConstraintDeduced":	3524119.000000,
	"nMLStart":	1097112.000000,
	"nCLStart":	5936524.000000,
	"nMLViolation":	0.000000,
	"nCLViolation":	49837.332031,
	"vMeasure":	0.627895,
	"duration":	48573.000000,
	"mlConst":	0.000000,
	"clConst":	0.000000
},
{
	"iterTerminate":	13.666667,
	"cost":	43079.902344,
	"reachLocalMinimal":	1.000000,
	"nConstraintOriginal":	22350.000000,
	"nConstraintDeduced":	3796407.000000,
	"nMLStart":	1162508.000000,
	"nCLStart":	6413714.000000,
	"nMLViolation":	0.000000,
	"nCLViolation":	21748.000000,
	"vMeasure":	0.654600,
	"duration":	60177.332031,
	"mlConst":	0.000000,
	"clConst":	0.000000
},
{
	"iterTerminate":	9.000000,
	"cost":	38939.601562,
	"reachLocalMinimal":	1.000000,
	"nConstraintOriginal":	24885.000000,
	"nConstraintDeduced":	4203923.000000,
	"nMLStart":	1285702.000000,
	"nCLStart":	7100984.000000,
	"nMLViolation":	0.000000,
	"nCLViolation":	5923.333496,
	"vMeasure":	0.721965,
	"duration":	46605.000000,
	"mlConst":	0.000000,
	"clConst":	0.000000
},
{
	"iterTerminate":	9.666667,
	"cost":	38955.875000,
	"reachLocalMinimal":	1.000000,
	"nConstraintOriginal":	27560.000000,
	"nConstraintDeduced":	4492826.000000,
	"nMLStart":	1350258.000000,
	"nCLStart":	7610192.000000,
	"nMLViolation":	0.000000,
	"nCLViolation":	5527.333496,
	"vMeasure":	0.732641,
	"duration":	52031.667969,
	"mlConst":	0.000000,
	"clConst":	0.000000
},
{
	"iterTerminate":	15.000000,
	"cost":	39312.160156,
	"reachLocalMinimal":	1.000000,
	"nConstraintOriginal":	30355.000000,
	"nConstraintDeduced":	4817790.000000,
	"nMLStart":	1424598.000000,
	"nCLStart":	8182522.000000,
	"nMLViolation":	0.000000,
	"nCLViolation":	6710.000000,
	"vMeasure":	0.771111,
	"duration":	81310.664062,
	"mlConst":	0.000000,
	"clConst":	0.000000
},
{
	"iterTerminate":	23.333334,
	"cost":	36472.660156,
	"reachLocalMinimal":	1.000000,
	"nConstraintOriginal":	3179.000000,
	"nConstraintDeduced":	176179.000000,
	"nMLStart":	78420.000000,
	"nCLStart":	273776.000000,
	"nMLViolation":	12.666667,
	"nCLViolation":	111.333336,
	"vMeasure":	0.211109,
	"duration":	30463.000000,
	"mlConst":	0.000000,
	"clConst":	0.000000
},
{
	"iterTerminate":	9.000000,
	"cost":	37460.425781,
	"reachLocalMinimal":	1.000000,
	"nConstraintOriginal":	33310.000000,
	"nConstraintDeduced":	5124960.000000,
	"nMLStart":	1493358.000000,
	"nCLStart":	8722158.000000,
	"nMLViolation":	0.000000,
	"nCLViolation":	52.666668,
	"vMeasure":	0.806734,
	"duration":	53702.667969,
	"mlConst":	0.000000,
	"clConst":	0.000000
},
{
	"iterTerminate":	11.333333,
	"cost":	44538.886719,
	"reachLocalMinimal":	1.000000,
	"nConstraintOriginal":	35840.000000,
	"nConstraintDeduced":	5346355.000000,
	"nMLStart":	1552016.000000,
	"nCLStart":	9102130.000000,
	"nMLViolation":	0.000000,
	"nCLViolation":	27006.666016,
	"vMeasure":	0.806979,
	"duration":	70211.335938,
	"mlConst":	0.000000,
	"clConst":	0.000000
},
{
	"iterTerminate":	22.000000,
	"cost":	36599.039062,
	"reachLocalMinimal":	1.000000,
	"nConstraintOriginal":	3895.000000,
	"nConstraintDeduced":	278597.000000,
	"nMLStart":	120414.000000,
	"nCLStart":	436456.000000,
	"nMLViolation":	0.000000,
	"nCLViolation":	130.666672,
	"vMeasure":	0.236364,
	"duration":	29969.666016,
	"mlConst":	0.000000,
	"clConst":	0.000000
},
{
	"iterTerminate":	10.000000,
	"cost":	46916.808594,
	"reachLocalMinimal":	1.000000,
	"nConstraintOriginal":	39322.000000,
	"nConstraintDeduced":	5632704.000000,
	"nMLStart":	1609258.000000,
	"nCLStart":	9610824.000000,
	"nMLViolation":	0.000000,
	"nCLViolation":	35581.332031,
	"vMeasure":	0.824143,
	"duration":	64919.332031,
	"mlConst":	0.000000,
	"clConst":	0.000000
},
{
	"iterTerminate":	6.666667,
	"cost":	51058.019531,
	"reachLocalMinimal":	1.000000,
	"nConstraintOriginal":	42358.000000,
	"nConstraintDeduced":	5839200.000000,
	"nMLStart":	1651450.000000,
	"nCLStart":	9977266.000000,
	"nMLViolation":	102.666664,
	"nCLViolation":	51310.667969,
	"vMeasure":	0.842390,
	"duration":	47759.332031,
	"mlConst":	0.000000,
	"clConst":	0.000000
},
{
	"iterTerminate":	7.333333,
	"cost":	37516.847656,
	"reachLocalMinimal":	1.000000,
	"nConstraintOriginal":	45533.000000,
	"nConstraintDeduced":	6015734.000000,
	"nMLStart":	1696082.000000,
	"nCLStart":	10280518.000000,
	"nMLViolation":	0.000000,
	"nCLViolation":	35.333332,
	"vMeasure":	0.881891,
	"duration":	53560.332031,
	"mlConst":	0.000000,
	"clConst":	0.000000
},
{
	"iterTerminate":	6.333333,
	"cost":	38622.433594,
	"reachLocalMinimal":	1.000000,
	"nConstraintOriginal":	49102.000000,
	"nConstraintDeduced":	6206750.500000,
	"nMLStart":	1715530.000000,
	"nCLStart":	10636970.000000,
	"nMLViolation":	0.000000,
	"nCLViolation":	3986.666748,
	"vMeasure":	0.885095,
	"duration":	48931.332031,
	"mlConst":	0.000000,
	"clConst":	0.000000
},
{
	"iterTerminate":	17.666666,
	"cost":	36690.699219,
	"reachLocalMinimal":	1.000000,
	"nConstraintOriginal":	4996.000000,
	"nConstraintDeduced":	477588.000000,
	"nMLStart":	187846.000000,
	"nCLStart":	766630.000000,
	"nMLViolation":	1.333333,
	"nCLViolation":	157.333328,
	"vMeasure":	0.272686,
	"duration":	27291.000000,
	"mlConst":	0.000000,
	"clConst":	0.000000
},
{
	"iterTerminate":	7.666667,
	"cost":	37530.574219,
	"reachLocalMinimal":	1.000000,
	"nConstraintOriginal":	53179.000000,
	"nConstraintDeduced":	6376090.000000,
	"nMLStart":	1755000.000000,
	"nCLStart":	10929622.000000,
	"nMLViolation":	0.000000,
	"nCLViolation":	40.000000,
	"vMeasure":	0.905847,
	"duration":	58786.000000,
	"mlConst":	0.000000,
	"clConst":	0.000000
},
{
	"iterTerminate":	6.000000,
	"cost":	107465.789062,
	"reachLocalMinimal":	1.000000,
	"nConstraintOriginal":	55995.000000,
	"nConstraintDeduced":	6582766.000000,
	"nMLStart":	1789640.000000,
	"nCLStart":	11301059.000000,
	"nMLViolation":	0.000000,
	"nCLViolation":	255750.671875,
	"vMeasure":	0.896565,
	"duration":	50102.000000,
	"mlConst":	0.000000,
	"clConst":	0.000000
},
{
	"iterTerminate":	5.333333,
	"cost":	42635.847656,
	"reachLocalMinimal":	1.000000,
	"nConstraintOriginal":	60324.000000,
	"nConstraintDeduced":	6698733.500000,
	"nMLStart":	1803928.000000,
	"nCLStart":	11511739.000000,
	"nMLViolation":	0.000000,
	"nCLViolation":	18008.666016,
	"vMeasure":	0.922707,
	"duration":	46096.332031,
	"mlConst":	0.000000,
	"clConst":	0.000000
},
{
	"iterTerminate":	18.333334,
	"cost":	36840.097656,
	"reachLocalMinimal":	1.000000,
	"nConstraintOriginal":	6116.000000,
	"nConstraintDeduced":	676862.000000,
	"nMLStart":	251082.000000,
	"nCLStart":	1101716.000000,
	"nMLViolation":	2.666667,
	"nCLViolation":	158.666672,
	"vMeasure":	0.301769,
	"duration":	30932.333984,
	"mlConst":	0.000000,
	"clConst":	0.000000
},
{
	"iterTerminate":	5.666667,
	"cost":	58737.250000,
	"reachLocalMinimal":	1.000000,
	"nConstraintOriginal":	64065.000000,
	"nConstraintDeduced":	6785789.500000,
	"nMLStart":	1820490.000000,
	"nCLStart":	11663248.000000,
	"nMLViolation":	40.000000,
	"nCLViolation":	81048.664062,
	"vMeasure":	0.918445,
	"duration":	49697.667969,
	"mlConst":	0.000000,
	"clConst":	0.000000
},
{
	"iterTerminate":	22.000000,
	"cost":	36919.675781,
	"reachLocalMinimal":	1.000000,
	"nConstraintOriginal":	7474.000000,
	"nConstraintDeduced":	938141.000000,
	"nMLStart":	349122.000000,
	"nCLStart":	1525818.000000,
	"nMLViolation":	0.000000,
	"nCLViolation":	146.666672,
	"vMeasure":	0.336959,
	"duration":	39043.667969,
	"mlConst":	0.000000,
	"clConst":	0.000000
},
{
	"iterTerminate":	22.666666,
	"cost":	36989.910156,
	"reachLocalMinimal":	1.000000,
	"nConstraintOriginal":	8971.000000,
	"nConstraintDeduced":	1317521.000000,
	"nMLStart":	454986.000000,
	"nCLStart":	2177700.000000,
	"nMLViolation":	0.000000,
	"nCLViolation":	170.000000,
	"vMeasure":	0.376292,
	"duration":	46490.332031,
	"mlConst":	0.000000,
	"clConst":	0.000000
}
]